ticketType,fastPass,ticketPrice,expiryDate,ticketNumber,email,promoCode
Adult,False,75,2021-12-18,1,jemiajemia257@gmail.com,NULL
Adult,True,95,2021-12-02,2,deangelooates954@yahoo.com,NULL
Adult,True,95,2021-12-03,3,scircles930@gmail.com,NULL
Adult,False,75,2021-12-02,4,paskepaske942@gmail.com,XULFCX
Child,True,70,2021-11-26,5,aakashcordova834@iCloud.com,LTSERX
Child,True,70,2021-11-30,6,jomarwiemer977@yahoo.com,DXVYRX
Adult,False,75,2021-11-30,7,shelbis642@gmail.com,NULL
Adult,True,95,2021-12-20,8,ta858@gmail.com,NULL
Child,True,70,2021-12-06,9,aleventhal165@iCloud.com,NULL
Adult,False,75,2021-12-02,10,janesam154@iCloud.com,NULL
Adult,False,75,2021-12-19,11,jh21@gmail.com,LKVFBF
Child,True,70,2021-11-30,12,jstrassburg688@gmail.com,NULL
Adult,True,95,2021-12-21,13,nb771@gmail.com,QZXMAW
Adult,False,75,2021-12-09,14,bg@gmail.com,FZDKRK
Adult,True,95,2021-11-26,15,brandyleebrandylee712@outlook.com,LTROHY
Adult,False,75,2021-12-08,16,kamiaduldulao536@gmail.com,LCTDKU
Senior,True,55,2021-12-04,17,marquidamarquida184@gmail.com,NULL
Child,True,70,2021-12-07,18,faigam192@gmail.com,LTSERX
Adult,True,95,2021-12-17,19,rr571@yahoo.com,GEAHZB
Adult,True,95,2021-12-13,20,tarisham772@gmail.com,NULL
Adult,False,75,2021-12-17,21,ervinervin301@gmail.com,NULL
Adult,False,75,2021-12-12,22,ddelight311@yahoo.com,RTNRXC
Adult,False,75,2021-12-19,23,ss114@yahoo.com,NULL
Adult,False,75,2021-12-09,24,mariliherta951@gmail.com,NULL
Adult,False,75,2021-11-30,25,cs730@gmail.com,NULL
Adult,False,75,2021-12-06,26,ar@gmail.com,NULL
Adult,True,95,2021-12-06,27,janzaldo206@gmail.com,EUXUZZ
Child,True,70,2021-12-21,28,artiaf147@outlook.com,NULL
Senior,False,35,2021-12-17,29,kt857@outlook.com,MUDJPG
Adult,False,75,2021-12-18,30,ll724@gmail.com,NULL
Child,False,50,2021-12-07,31,mhudock555@gmail.com,HCDJVR
Adult,False,75,2021-12-18,32,colishad@yahoo.com,ITXJBV
Adult,True,95,2021-12-03,33,alexzandraa133@iCloud.com,JYCVPO
Child,False,50,2021-12-01,34,jamaalj199@gmail.com,LMFITM
Adult,True,95,2021-12-24,35,sding@gmail.com,NULL
Adult,False,75,2021-11-30,36,ss34@gmail.com,PLDQDT
Adult,True,95,2021-12-22,37,troccolit392@outlook.com,NULL
Adult,True,95,2021-12-02,38,brigettn590@gmail.com,NULL
Adult,True,95,2021-12-04,39,yy18@outlook.com,NULL
Adult,True,95,2021-12-18,40,emichavd895@iCloud.com,NULL
Adult,False,75,2021-12-18,41,licetlicet229@gmail.com,VEJELW
Adult,False,75,2021-12-13,42,luismiguell532@yahoo.com,HPFTKH
Adult,True,95,2021-12-06,43,galennabhan302@gmail.com,HOSDYC
Adult,False,75,2021-12-22,44,sabinaradoslovich368@gmail.com,JGDVNO
Adult,True,95,2021-12-06,45,dwoolhiser445@gmail.com,CGJEDL
Adult,True,95,2021-12-16,46,ff611@gmail.com,EWAQII
Adult,False,75,2021-12-16,47,devillierdevillier752@yahoo.com,NULL
Adult,False,75,2021-11-29,48,mansimansi433@gmail.com,NULL
Adult,True,95,2021-12-05,49,taziap534@outlook.com,PZHADJ
Adult,False,75,2021-11-28,50,rseminario639@iCloud.com,DDNMEM
Adult,True,95,2021-12-12,51,ssweeden320@gmail.com,SHUQTQ
Adult,False,75,2021-11-30,52,mareshahm614@gmail.com,NULL
Senior,False,35,2021-11-25,53,lb310@gmail.com,NULL
Adult,True,95,2021-12-22,54,dayrafondell214@gmail.com,NULL
Adult,False,75,2021-12-09,55,dharral809@gmail.com,GVYZPX
Adult,True,95,2021-11-30,56,katlynnbrazil@gmail.com,KPVPAT
Adult,True,95,2021-12-04,57,harrisonj79@gmail.com,NAWBMD
Senior,False,35,2021-12-24,58,oo279@gmail.com,IVBBAW
Adult,False,75,2021-12-01,59,sayshar@yahoo.com,NULL
Adult,True,95,2021-12-11,60,ssharae763@gmail.com,NULL
Adult,False,75,2021-12-09,61,md974@yahoo.com,GOIIOG
Adult,False,75,2021-12-07,62,nashas109@gmail.com,VGNBJY
Adult,False,75,2021-11-26,63,rc982@outlook.com,VMEROF
Adult,True,95,2021-11-29,64,zavierh389@gmail.com,NULL
Adult,True,95,2021-12-12,65,vatchevatche434@gmail.com,VKNMRX
Adult,True,95,2021-11-27,66,jjerrin@yahoo.com,VXJWOX
Child,False,50,2021-12-21,67,amurton446@gmail.com,DWXJVB
Adult,False,75,2021-11-25,68,gh268@gmail.com,NULL
Child,False,50,2021-12-12,69,dgenier270@gmail.com,NULL
Child,False,50,2021-12-17,70,petrueugenia595@gmail.com,BEQZIB
Adult,False,75,2021-12-11,71,teneshiateneshia302@iCloud.com,BAYBVZ
Adult,True,95,2021-12-18,72,kv221@gmail.com,FJMJJI
Adult,False,75,2021-11-29,73,rockeyc708@gmail.com,PEZYCD
Adult,True,95,2021-11-30,74,amabelb363@yahoo.com,NULL
Adult,True,95,2021-11-27,75,estebanesteban194@iCloud.com,NULL
Adult,False,75,2021-12-15,76,cheyennebarlow117@gmail.com,NULL
Adult,True,95,2021-12-21,77,budo285@outlook.com,SITZKM
Adult,True,95,2021-12-23,78,cheskels914@iCloud.com,NULL
Adult,False,75,2021-11-29,79,galeazzicodey385@gmail.com,CIZSDN
Adult,False,75,2021-11-27,80,lasharalashara566@yahoo.com,ZBAJUB
Adult,True,95,2021-12-20,81,daivdkattner32@yahoo.com,NULL
Child,True,70,2021-11-28,82,rajwanim646@gmail.com,NULL
Adult,True,95,2021-12-17,83,mmathenia100@gmail.com,VKNMRX
Adult,False,75,2021-12-16,84,neidas@gmail.com,NULL
Senior,False,35,2021-11-26,85,kk167@gmail.com,GEAHZB
Adult,True,95,2021-12-08,86,deniellewalner469@gmail.com,BAYBVZ
Adult,True,95,2021-12-05,87,valeciabreard741@gmail.com,NULL
Adult,True,95,2021-12-07,88,jordanaj153@gmail.com,NULL
Child,True,70,2021-12-02,89,ss@gmail.com,NULL
Adult,False,75,2021-12-19,90,bbrandon203@yahoo.com,KSLOFM
Adult,True,95,2021-12-13,91,dd205@gmail.com,NULL
Adult,True,95,2021-12-03,92,shloimesegrave511@gmail.com,NULL
Adult,False,75,2021-11-28,93,ts175@gmail.com,NULL
Senior,False,35,2021-12-10,94,luckenbachluckenbach497@gmail.com,CTOLPC
Child,False,50,2021-11-29,95,kkearra282@iCloud.com,NULL
Adult,True,95,2021-12-08,96,mmoccasin932@yahoo.com,NULL
Adult,True,95,2021-11-28,97,aquastad805@outlook.com,NULL
Adult,False,75,2021-12-09,98,tg492@iCloud.com,NULL
Adult,True,95,2021-12-16,99,mmyosha538@gmail.com,OASUOB
Senior,True,55,2021-12-16,100,bb675@gmail.com,NULL
Adult,True,95,2021-11-25,101,dmagelssen678@gmail.com,NULL
Adult,False,75,2021-12-08,102,mh195@gmail.com,KVPWXM
Adult,True,95,2021-12-15,103,cs788@gmail.com,INTAOE
Adult,True,95,2021-12-21,104,freschfresch248@gmail.com,NULL
Adult,True,95,2021-12-03,105,papagnip490@gmail.com,SBTJUT
Adult,True,95,2021-12-09,106,myriadula968@gmail.com,LKVFBF
Adult,True,95,2021-12-01,107,ssyversen211@outlook.com,PQNJKS
Adult,True,95,2021-12-17,108,ginias392@gmail.com,NULL
Adult,True,95,2021-12-24,109,mikaelmartenez212@gmail.com,NULL
Adult,True,95,2021-11-28,110,bbaxtor558@gmail.com,QTVRWO
Adult,True,95,2021-12-12,111,adawayadaway989@outlook.com,NULL
Adult,False,75,2021-12-06,112,tyshauna@iCloud.com,GTLVBY
Adult,False,75,2021-12-17,113,femirafanan495@gmail.com,ZBZLQQ
Adult,False,75,2021-11-29,114,ttelecia512@iCloud.com,XDAORK
Adult,True,95,2021-12-10,115,wwanda340@gmail.com,NULL
Adult,True,95,2021-12-17,116,lynchardl@gmail.com,NULL
Adult,True,95,2021-11-25,117,jeniashiverdecker547@gmail.com,ITXJBV
Adult,False,75,2021-12-03,118,mcredmondm337@iCloud.com,NULL
Adult,False,75,2021-12-02,119,rosalvahlavacek406@outlook.com,NULL
Adult,True,95,2021-12-10,120,josedejesusj706@gmail.com,QPCWDP
Adult,False,75,2021-12-06,121,ddartagnan63@outlook.com,VGRBPN
Adult,False,75,2021-12-20,122,mmargel188@iCloud.com,PNOLQQ
Adult,True,95,2021-11-30,123,kiyonnakiyonna@gmail.com,NULL
Adult,False,75,2021-12-09,124,gamalierroelle351@gmail.com,FXCCAP
Adult,False,75,2021-12-20,125,ggrinberg@gmail.com,NULL
Adult,True,95,2021-12-06,126,fitserf991@gmail.com,VXLSVR
Child,True,70,2021-12-08,127,ralves205@iCloud.com,VKNMRX
Adult,True,95,2021-12-08,128,km689@gmail.com,NULL
Senior,False,35,2021-12-21,129,giblergibler549@iCloud.com,NULL
Child,True,70,2021-11-28,130,doroskidoroski886@gmail.com,NUZXIG
Adult,True,95,2021-12-06,131,mmaryia@yahoo.com,NULL
Adult,False,75,2021-12-22,132,kk122@gmail.com,NULL
Adult,False,75,2021-11-26,133,ll684@outlook.com,NULL
Adult,True,95,2021-12-10,134,karmeshazubris@yahoo.com,NULL
Adult,False,75,2021-12-07,135,tc341@gmail.com,MXKECW
Child,True,70,2021-12-17,136,sspell714@outlook.com,MWSDLD
Child,True,70,2021-12-13,137,lluzmaria755@gmail.com,PITNRV
Adult,True,95,2021-12-08,138,wampolw218@gmail.com,NULL
Adult,False,75,2021-11-27,139,kinetak@yahoo.com,NULL
Adult,False,75,2021-12-16,140,sfleek@gmail.com,NAWBMD
Adult,False,75,2021-12-13,141,minarcinm837@gmail.com,CLAHVF
Adult,True,95,2021-12-03,142,ai312@yahoo.com,NULL
Adult,True,95,2021-12-13,143,bw437@iCloud.com,NULL
Adult,False,75,2021-12-11,144,ss921@gmail.com,GEPTQM
Adult,True,95,2021-12-20,145,windlandw@yahoo.com,IVXBSV
Senior,True,55,2021-11-25,146,pp350@gmail.com,NULL
Adult,True,95,2021-12-10,147,krishm990@iCloud.com,NULL
Adult,True,95,2021-11-29,148,edurdot353@gmail.com,NULL
Adult,False,75,2021-12-15,149,quentinl665@yahoo.com,NULL
Senior,True,55,2021-12-16,150,hezekiahdasch70@gmail.com,NULL
Adult,False,75,2021-12-17,151,mplessinger989@gmail.com,NULL
Adult,False,75,2021-12-09,152,jj865@gmail.com,JATSQQ
Adult,True,95,2021-12-13,153,shavoneshavone@gmail.com,NULL
Senior,True,55,2021-11-27,154,jgeorgalas297@gmail.com,NULL
Adult,True,95,2021-11-25,155,ulmanulman827@gmail.com,ANOBNH
Child,False,50,2021-11-27,156,fionnamendrala616@gmail.com,XGXXEX
Adult,True,95,2021-11-28,157,fpao975@gmail.com,GEPTQM
Adult,False,75,2021-12-13,158,gsington511@gmail.com,NULL
Senior,True,55,2021-11-26,159,se@gmail.com,PBSFOY
Adult,True,95,2021-12-01,160,sforgach838@iCloud.com,NULL
Adult,False,75,2021-12-14,161,woodywoody598@outlook.com,NULL
Adult,False,75,2021-12-24,162,alvenasselmeier426@yahoo.com,NULL
Child,False,50,2021-12-21,163,mt841@outlook.com,DMYYPA
Adult,False,75,2021-12-19,164,destichedestiche80@gmail.com,QNHDVX
Child,True,70,2021-11-25,165,rroxxanne28@gmail.com,NULL
Adult,True,95,2021-12-06,166,sstandford158@gmail.com,BEQZIB
Adult,True,95,2021-11-25,167,bogliolib276@outlook.com,XAZUUH
Adult,False,75,2021-12-23,168,shamyras453@gmail.com,BDZZQW
Adult,True,95,2021-12-09,169,elsont645@gmail.com,NULL
Adult,False,75,2021-12-09,170,tt@gmail.com,NULL
Adult,False,75,2021-12-20,171,channiehamernik702@yahoo.com,NULL
Adult,True,95,2021-12-05,172,kl970@gmail.com,NULL
Senior,True,55,2021-12-16,173,salimgadoury979@gmail.com,NULL
Adult,True,95,2021-12-18,174,niramcoy70@gmail.com,ZAXPZW
Adult,False,75,2021-12-01,175,gaspinwall133@gmail.com,NULL
Adult,False,75,2021-12-06,176,fradelz@gmail.com,NULL
Adult,True,95,2021-12-03,177,meryt837@gmail.com,MBWUMC
Adult,True,95,2021-11-30,178,alandriaalandria519@gmail.com,FZDKRK
Adult,False,75,2021-12-20,179,mgochnauer709@yahoo.com,NULL
Child,False,50,2021-12-15,180,groaden833@gmail.com,NULL
Adult,True,95,2021-12-18,181,kiandralozon@outlook.com,NULL
Child,False,50,2021-11-30,182,mmadyson218@gmail.com,MNOSMZ
Child,False,50,2021-12-19,183,lj594@outlook.com,NULL
Adult,True,95,2021-12-22,184,aa643@gmail.com,NULL
Child,False,50,2021-12-23,185,sk784@gmail.com,OQJSNG
Adult,False,75,2021-12-19,186,mikeh21@gmail.com,NULL
Adult,True,95,2021-12-12,187,silvissilvis18@iCloud.com,NULL
Child,False,50,2021-12-24,188,eb924@gmail.com,AYXRWZ
Adult,True,95,2021-12-15,189,rsubera641@iCloud.com,VGNBJY
Adult,True,95,2021-12-03,190,gwragge230@gmail.com,NULL
Adult,True,95,2021-12-09,191,rl25@outlook.com,WHCIIT
Adult,False,75,2021-11-30,192,christepherepp510@gmail.com,NULL
Adult,True,95,2021-12-23,193,tondalayam143@iCloud.com,LVGWKL
Adult,False,75,2021-12-03,194,analiciae286@gmail.com,NULL
Senior,True,55,2021-12-13,195,pp593@gmail.com,NULL
Child,False,50,2021-12-17,196,rreynaldo@gmail.com,VXJWOX
Adult,False,75,2021-11-29,197,darikczupryna80@gmail.com,NULL
Adult,False,75,2021-11-30,198,nnickell150@gmail.com,NULL
Adult,False,75,2021-12-09,199,kc141@gmail.com,NULL
Adult,True,95,2021-12-13,200,mcmurphymcmurphy113@gmail.com,NULL
Adult,False,75,2021-12-05,201,ls459@gmail.com,NULL
Adult,True,95,2021-12-08,202,kpullman538@gmail.com,EUXUZZ
Adult,False,75,2021-12-14,203,shamaramettig856@yahoo.com,NULL
Adult,False,75,2021-12-15,204,cs744@gmail.com,BFVWJM
Adult,True,95,2021-11-25,205,zeferinothanem918@yahoo.com,NULL
Adult,True,95,2021-12-02,206,dd936@yahoo.com,NULL
Senior,False,35,2021-12-20,207,dainam885@gmail.com,PNOLQQ
Adult,False,75,2021-12-19,208,sshata80@gmail.com,NULL
Adult,True,95,2021-11-27,209,antheas492@iCloud.com,GEAHZB
Adult,True,95,2021-12-23,210,britinic27@outlook.com,TPERUZ
Adult,True,95,2021-12-24,211,oz730@yahoo.com,PBSFOY
Adult,False,75,2021-12-09,212,lb@yahoo.com,NULL
Adult,True,95,2021-12-19,213,mnevison68@iCloud.com,NULL
Child,True,70,2021-11-29,214,canchronis@gmail.com,NULL
Adult,False,75,2021-12-16,215,arlieknowiton608@gmail.com,ARLGYD
Adult,False,75,2021-12-06,216,ke@gmail.com,ZKTHQN
Child,False,50,2021-12-24,217,msilas419@gmail.com,NULL
Adult,False,75,2021-12-12,218,latinaw612@gmail.com,ZUHQSS
Adult,True,95,2021-12-20,219,cciesiolka315@yahoo.com,UXIWYH
Child,True,70,2021-11-28,220,jm500@gmail.com,OWNVPA
Adult,False,75,2021-11-26,221,paotallis82@gmail.com,NULL
Child,False,50,2021-12-03,222,lucianoponds@gmail.com,NULL
Adult,True,95,2021-12-22,223,cconterras951@outlook.com,NULL
Adult,True,95,2021-12-24,224,gvera354@gmail.com,TNVYFX
Adult,False,75,2021-12-12,225,hharmonie@gmail.com,IVBBAW
Adult,True,95,2021-12-16,226,wellbornwellborn198@outlook.com,NULL
Adult,False,75,2021-12-13,227,aankit288@outlook.com,GEPTQM
Adult,True,95,2021-12-08,228,tr265@iCloud.com,NULL
Adult,True,95,2021-12-02,229,schoenerbridgitte853@gmail.com,NULL
Senior,True,55,2021-12-07,230,haquilino928@gmail.com,NULL
Adult,False,75,2021-12-09,231,chenelleb733@iCloud.com,IZWCUI
Senior,False,35,2021-11-30,232,caplec285@gmail.com,NULL
Adult,True,95,2021-12-09,233,sl742@gmail.com,SBTJUT
Adult,False,75,2021-12-01,234,haigsebion546@gmail.com,NULL
Adult,True,95,2021-12-04,235,ck936@gmail.com,LGKXTB
Adult,False,75,2021-12-24,236,pz@gmail.com,NULL
Adult,True,95,2021-12-15,237,kathrynek260@gmail.com,IVXBSV
Adult,True,95,2021-12-03,238,kyliemassar684@gmail.com,NULL
Adult,True,95,2021-12-03,239,lbri69@outlook.com,NULL
Adult,True,95,2021-12-14,240,kyriakosk715@gmail.com,NULL
Child,True,70,2021-12-24,241,annalizamerner100@gmail.com,UWPJYI
Adult,False,75,2021-12-17,242,nisreenmanis546@iCloud.com,NULL
Senior,True,55,2021-12-23,243,ca263@yahoo.com,SBTJUT
Adult,False,75,2021-12-16,244,steadstead@gmail.com,RFWTSW
Adult,False,75,2021-12-04,245,kassandras774@gmail.com,OQJSNG
Adult,True,95,2021-12-08,246,danereveline868@gmail.com,NULL
Adult,False,75,2021-12-02,247,crystinastraiton931@iCloud.com,UKTBRV
Adult,True,95,2021-12-20,248,rkaopua497@gmail.com,VKNMRX
Adult,False,75,2021-12-21,249,parrillp978@gmail.com,NULL
Adult,True,95,2021-12-11,250,tringhama53@outlook.com,INTAOE
Adult,False,75,2021-12-17,251,nessasearles867@yahoo.com,NULL
Adult,True,95,2021-12-07,252,mm449@gmail.com,NAWBMD
Adult,False,75,2021-11-27,253,delamorac158@gmail.com,LTROHY
Adult,True,95,2021-11-25,254,keevinb654@gmail.com,VKNMRX
Child,True,70,2021-12-07,255,merymanquero905@iCloud.com,NULL
Adult,True,95,2021-12-07,256,briancag@yahoo.com,NULL
Child,False,50,2021-12-11,257,comanc819@iCloud.com,MRJYDE
Adult,False,75,2021-12-12,258,jj@gmail.com,NULL
Adult,False,75,2021-12-22,259,strattonc433@gmail.com,HCDJVR
Adult,False,75,2021-12-18,260,thargers148@gmail.com,NULL
Adult,True,95,2021-12-16,261,ciearal@outlook.com,FZDKRK
Adult,False,75,2021-12-11,262,krammeskrammes815@gmail.com,JWFWOB
Adult,False,75,2021-11-26,263,carlisac189@gmail.com,NULL
Adult,True,95,2021-12-15,264,tcraver320@outlook.com,EWAQII
Adult,True,95,2021-12-15,265,montrelr626@iCloud.com,NULL
Adult,True,95,2021-12-01,266,cashsplatt@outlook.com,NULL
Adult,True,95,2021-11-25,267,nashikalett250@outlook.com,PAZMWB
Child,True,70,2021-12-08,268,rsuozzo291@yahoo.com,ULGJVI
Adult,True,95,2021-12-09,269,sherrinai204@yahoo.com,NULL
Adult,True,95,2021-12-20,270,tuffeyt72@gmail.com,VGRBPN
Adult,False,75,2021-12-07,271,fs859@yahoo.com,EQGAQX
Adult,False,75,2021-11-26,272,morylm81@gmail.com,NULL
Senior,True,55,2021-12-01,273,eleishap320@outlook.com,XBXESK
Adult,True,95,2021-12-24,274,keatonk28@yahoo.com,NULL
Adult,True,95,2021-11-28,275,llazzara700@gmail.com,QDSJZX
Adult,True,95,2021-11-27,276,kg621@gmail.com,NULL
Senior,False,35,2021-11-25,277,lstitzel@gmail.com,LTROHY
Adult,True,95,2021-11-29,278,drumheiserdrumheiser477@yahoo.com,BDZZQW
Adult,False,75,2021-12-18,279,titor791@gmail.com,PITNRV
Adult,False,75,2021-11-27,280,maurissam846@iCloud.com,NULL
Adult,False,75,2021-12-02,281,sm49@gmail.com,NULL
Adult,False,75,2021-12-01,282,rgioe906@gmail.com,NULL
Adult,False,75,2021-11-27,283,mo931@outlook.com,BAYBVZ
Adult,True,95,2021-12-02,284,ss236@gmail.com,NEYJBA
Adult,True,95,2021-12-03,285,iiamsiiams839@yahoo.com,KVPWXM
Adult,False,75,2021-12-03,286,tt433@outlook.com,NULL
Adult,True,95,2021-12-08,287,nicleb825@yahoo.com,QSQPCV
Child,True,70,2021-12-13,288,lashantem299@outlook.com,NULL
Child,False,50,2021-11-29,289,dramisbram283@yahoo.com,OASUOB
Adult,False,75,2021-12-22,290,bundaz@outlook.com,NLOIWC
Child,False,50,2021-12-15,291,bs757@gmail.com,XULFCX
Child,False,50,2021-12-18,292,shollingworth12@gmail.com,KIBSLR
Adult,True,95,2021-12-17,293,gretschg310@iCloud.com,NULL
Child,False,50,2021-12-13,294,dmarkell@outlook.com,NULL
Adult,True,95,2021-12-21,295,kearstinetheridge@gmail.com,XDAORK
Child,True,70,2021-11-29,296,mcdermettmcdermett137@iCloud.com,RYWBKV
Child,True,70,2021-11-30,297,bbabajide270@iCloud.com,NULL
Adult,False,75,2021-11-28,298,dg@gmail.com,NULL
Adult,False,75,2021-12-09,299,fz479@gmail.com,NULL
Child,True,70,2021-12-10,300,rollandp682@gmail.com,NULL
Adult,True,95,2021-12-21,301,pp753@gmail.com,ZLIAHY
Adult,False,75,2021-12-15,302,aquinoa327@gmail.com,NULL
Child,True,70,2021-12-07,303,tequiat70@iCloud.com,NULL
Adult,False,75,2021-12-06,304,lb120@iCloud.com,LVGWKL
Adult,True,95,2021-12-22,305,aarinl422@gmail.com,NULL
Adult,True,95,2021-12-19,306,om781@outlook.com,PEZYCD
Adult,True,95,2021-12-09,307,brnadonbrnadon963@gmail.com,XOSUFX
Adult,False,75,2021-11-27,308,kmcconney973@iCloud.com,NULL
Adult,True,95,2021-12-13,309,gfalisha519@outlook.com,NULL
Adult,True,95,2021-12-12,310,luelue@gmail.com,PZHADJ
Adult,True,95,2021-12-05,311,ukortnee@iCloud.com,OASUOB
Child,False,50,2021-12-04,312,alexaneralexaner544@gmail.com,MORJWL
Child,False,50,2021-12-20,313,laumbachlaumbach800@iCloud.com,NULL
Adult,False,75,2021-12-04,314,ss272@gmail.com,NULL
Senior,False,35,2021-12-14,315,joscelynsehrt874@gmail.com,NULL
Child,True,70,2021-12-03,316,gillisg@gmail.com,NULL
Adult,False,75,2021-12-08,317,kp621@outlook.com,DDNMEM
Adult,False,75,2021-12-16,318,dempewolfd375@iCloud.com,NULL
Adult,False,75,2021-11-25,319,nokesnokes202@gmail.com,AUVUAT
Adult,True,95,2021-12-12,320,lm996@gmail.com,GMCMZE
Adult,True,95,2021-12-05,321,eeaster@gmail.com,JGDVNO
Adult,False,75,2021-12-03,322,leshayp505@gmail.com,NULL
Senior,False,35,2021-12-20,323,aurby416@gmail.com,OXZUJP
Child,True,70,2021-12-23,324,ddemetris666@gmail.com,CZQMRM
Senior,True,55,2021-12-02,325,jamarkusjamarkus816@iCloud.com,MACBBC
Adult,False,75,2021-12-09,326,nyishan103@gmail.com,UXOIKC
Adult,False,75,2021-12-18,327,cheyennac578@yahoo.com,BAYBVZ
Adult,True,95,2021-12-20,328,theatroche746@gmail.com,ZPHPNG
Child,False,50,2021-12-02,329,tkaplan725@yahoo.com,IQTEMJ
Adult,True,95,2021-12-02,330,maires798@gmail.com,UIXXGG
Senior,False,35,2021-12-22,331,darnelr578@yahoo.com,NULL
Adult,False,75,2021-12-23,332,panayiotisr331@yahoo.com,NULL
Adult,True,95,2021-11-28,333,jesselyna@gmail.com,MRJYDE
Adult,False,75,2021-11-25,334,oi40@gmail.com,NULL
Adult,True,95,2021-12-21,335,codeyc972@outlook.com,WXNUZF
Child,True,70,2021-12-17,336,saleenas887@outlook.com,NULL
Adult,False,75,2021-12-10,337,sickled@gmail.com,DLKANY
Adult,False,75,2021-11-26,338,as98@yahoo.com,NULL
Child,True,70,2021-12-08,339,scharlotta827@iCloud.com,NULL
Adult,True,95,2021-12-06,340,indainda319@gmail.com,NULL
Child,False,50,2021-11-30,341,mmcintyde781@gmail.com,NULL
Adult,True,95,2021-12-07,342,ws827@outlook.com,NULL
Adult,False,75,2021-12-05,343,ld378@iCloud.com,CZQMRM
Adult,True,95,2021-12-13,344,annalyna688@gmail.com,KPVPAT
Adult,True,95,2021-12-11,345,oh571@outlook.com,NULL
Adult,True,95,2021-12-12,346,nn942@yahoo.com,NULL
Adult,True,95,2021-12-03,347,grayceg954@gmail.com,NULL
Adult,False,75,2021-11-28,348,dulciedulcie450@gmail.com,NULL
Adult,False,75,2021-12-10,349,ss@gmail.com,KVPWXM
Adult,True,95,2021-12-23,350,gc165@gmail.com,NULL
Adult,False,75,2021-12-21,351,gradygrady553@yahoo.com,DUMQYG
Senior,True,55,2021-12-14,352,yoeld803@gmail.com,NULL
Senior,False,35,2021-12-01,353,rhysr732@gmail.com,CTGJRP
Adult,True,95,2021-12-01,354,unknowna951@iCloud.com,LFXTLI
Adult,True,95,2021-12-15,355,yairab688@gmail.com,TNVYFX
Adult,True,95,2021-12-13,356,torrellr613@yahoo.com,NULL
Adult,False,75,2021-12-18,357,tracyannceballos@outlook.com,UXIWYH
Child,False,50,2021-11-25,358,pl375@outlook.com,ENBHUC
Child,False,50,2021-12-10,359,toniannbance952@iCloud.com,NULL
Adult,True,95,2021-12-10,360,dmend410@gmail.com,NULL
Adult,False,75,2021-12-20,361,an153@yahoo.com,NULL
Adult,True,95,2021-12-04,362,zarinabenefiel328@gmail.com,IVBBAW
Child,True,70,2021-12-24,363,dar691@gmail.com,NULL
Child,True,70,2021-11-29,364,nikcolerecore594@iCloud.com,NULL
Adult,False,75,2021-12-24,365,glennyeis824@yahoo.com,NULL
Senior,False,35,2021-11-30,366,trampusa778@gmail.com,SYHHZJ
Child,False,50,2021-12-08,367,bw419@outlook.com,NULL
Senior,False,35,2021-11-25,368,jerrar408@gmail.com,NULL
Senior,True,55,2021-12-19,369,ascaturro445@yahoo.com,MBWUMC
Child,True,70,2021-12-05,370,hh926@gmail.com,QLUUMC
Adult,True,95,2021-12-18,371,ssabrena156@gmail.com,NULL
Adult,False,75,2021-12-10,372,kinseys12@outlook.com,FXCCAP
Adult,True,95,2021-12-17,373,rbrim537@outlook.com,PAWJZV
Senior,True,55,2021-12-21,374,warthenwarthen949@gmail.com,KPVPAT
Adult,False,75,2021-12-23,375,kbrede942@gmail.com,LMFITM
Adult,False,75,2021-12-24,376,hp822@gmail.com,NULL
Adult,True,95,2021-11-25,377,jpolhamus275@iCloud.com,NULL
Adult,False,75,2021-12-18,378,tt302@yahoo.com,YEOEBG
Adult,False,75,2021-12-20,379,ew73@gmail.com,NULL
Child,False,50,2021-11-30,380,ppullus989@outlook.com,NEYJBA
Adult,True,95,2021-12-09,381,js502@gmail.com,NULL
Adult,True,95,2021-12-16,382,hh550@gmail.com,DXVYRX
Adult,False,75,2021-12-12,383,cmartinetto966@gmail.com,NULL
Adult,True,95,2021-12-22,384,jb268@iCloud.com,LMFITM
Adult,True,95,2021-12-11,385,viviend@gmail.com,AYXRWZ
Child,False,50,2021-11-29,386,tt540@gmail.com,NULL
Adult,False,75,2021-12-20,387,kathernkrysl@yahoo.com,NULL
Adult,False,75,2021-11-27,388,bj688@gmail.com,NULL
Adult,True,95,2021-12-19,389,jj983@gmail.com,NULL
Adult,False,75,2021-11-30,390,shanterrashanterra553@gmail.com,NULL
Child,True,70,2021-12-16,391,clancym663@gmail.com,PPPUIJ
Adult,True,95,2021-12-11,392,florenciastrassberg439@gmail.com,AZUJMX
Adult,True,95,2021-12-13,393,hadleym251@gmail.com,NULL
Adult,False,75,2021-12-14,394,flenerflener267@gmail.com,HNNWIJ
Senior,True,55,2021-11-28,395,gerogeg344@yahoo.com,MRJYDE
Adult,True,95,2021-12-06,396,heckersissiah@gmail.com,NULL
Adult,False,75,2021-12-17,397,shreyas909@gmail.com,NULL
Adult,True,95,2021-12-14,398,blomstrandb778@outlook.com,NULL
Child,True,70,2021-12-10,399,ag90@outlook.com,NULL
Adult,False,75,2021-12-24,400,nn@gmail.com,VIGUQV
Adult,True,95,2021-12-24,401,amadaamada190@outlook.com,VMEROF
Senior,False,35,2021-12-22,402,latorac@gmail.com,PZHADJ
Adult,False,75,2021-12-19,403,sineadp717@gmail.com,NULL
Adult,True,95,2021-12-02,404,robertleeo@gmail.com,NULL
Adult,False,75,2021-12-15,405,jocelynj@iCloud.com,GTLVBY
Adult,True,95,2021-12-20,406,evansdonel349@outlook.com,NULL
Adult,False,75,2021-12-10,407,elizabthv980@yahoo.com,OKMSIO
Child,False,50,2021-12-09,408,kd180@yahoo.com,NULL
Adult,True,95,2021-12-13,409,melysalatortue@gmail.com,BDZZQW
Adult,False,75,2021-12-12,410,delmoredelmore838@iCloud.com,BSOPWZ
Adult,False,75,2021-12-02,411,bbebout518@gmail.com,NULL
Child,True,70,2021-12-15,412,amins291@iCloud.com,GEAHZB
Adult,True,95,2021-11-29,413,lillerliller442@yahoo.com,QPCWDP
Child,True,70,2021-12-04,414,demetriosfaucher267@gmail.com,NULL
Adult,True,95,2021-12-06,415,jimenad@gmail.com,IZWCUI
Senior,True,55,2021-12-12,416,ronnibelyea761@yahoo.com,ANOBNH
Adult,False,75,2021-12-06,417,zzimmermann920@iCloud.com,HCDJVR
Adult,True,95,2021-12-15,418,ruebenrueben126@gmail.com,NULL
Adult,True,95,2021-12-04,419,df587@gmail.com,NULL
Adult,False,75,2021-11-29,420,cheaguajardo970@outlook.com,XULFCX
Adult,True,95,2021-11-25,421,eaumich688@gmail.com,TCBHEV
Adult,True,95,2021-12-08,422,rivkad@yahoo.com,UOFPPB
Adult,True,95,2021-12-01,423,quintalquintal@gmail.com,NULL
Adult,True,95,2021-12-10,424,jenitagabrysch257@gmail.com,PITNRV
Adult,True,95,2021-12-24,425,aalmy735@gmail.com,NULL
Adult,True,95,2021-12-10,426,btiela@gmail.com,SWXYCM
Senior,True,55,2021-12-19,427,ll588@outlook.com,GEPTQM
Child,True,70,2021-12-05,428,ll@gmail.com,PGJYAO
Adult,True,95,2021-12-23,429,adeolabuerkle699@yahoo.com,NULL
Child,False,50,2021-12-21,430,njayes663@gmail.com,NULL
Adult,True,95,2021-11-28,431,maxtoneves84@gmail.com,PNOLQQ
Adult,False,75,2021-12-09,432,rr983@gmail.com,NULL
Adult,True,95,2021-12-02,433,olquinolquin@gmail.com,NULL
Adult,False,75,2021-12-11,434,ks872@gmail.com,RJQIZV
Adult,True,95,2021-12-12,435,cq287@gmail.com,NULL
Adult,True,95,2021-12-15,436,ii24@gmail.com,NULL
Adult,False,75,2021-11-26,437,terinad549@outlook.com,NULL
Adult,True,95,2021-12-01,438,mh339@gmail.com,ZAXPZW
Adult,False,75,2021-12-24,439,keziac431@yahoo.com,HOSDYC
Adult,False,75,2021-12-16,440,km157@iCloud.com,NULL
Adult,True,95,2021-11-25,441,derikacarrecter102@gmail.com,JLGHVI
Adult,False,75,2021-12-10,442,cp@outlook.com,UVRPAP
Adult,False,75,2021-12-17,443,josianneh561@gmail.com,NULL
Adult,False,75,2021-12-07,444,signejungquist106@gmail.com,MNOSMZ
Adult,True,95,2021-12-07,445,lshruti743@gmail.com,NULL
Child,False,50,2021-12-02,446,ramerizr377@gmail.com,TPHBQU
Adult,False,75,2021-11-28,447,smarchel483@gmail.com,NULL
Child,True,70,2021-12-22,448,lataushaszwede524@gmail.com,MNQTST
Adult,True,95,2021-12-13,449,deshaepickup177@gmail.com,NULL
Adult,True,95,2021-12-19,450,deniar570@yahoo.com,KPVPAT
Adult,True,95,2021-12-03,451,eamonv@yahoo.com,PCLZLG
Adult,True,95,2021-12-23,452,recolucky906@gmail.com,NULL
Adult,False,75,2021-12-06,453,ronnetteronnette421@gmail.com,NULL
Child,True,70,2021-12-02,454,ec870@gmail.com,EUXUZZ
Adult,True,95,2021-12-15,455,ep192@outlook.com,BIZGTS
Adult,True,95,2021-11-26,456,brycem12@gmail.com,NULL
Adult,True,95,2021-11-25,457,bodinebodine248@outlook.com,NULL
Child,True,70,2021-11-26,458,jordannecoyt695@iCloud.com,NULL
Adult,True,95,2021-12-20,459,jwiddison@iCloud.com,NULL
Adult,True,95,2021-12-18,460,lz291@gmail.com,YYQDRX
Adult,False,75,2021-11-30,461,bw654@outlook.com,RYLBCZ
Senior,True,55,2021-12-11,462,ashaleatherberry880@gmail.com,PWHRJM
Child,False,50,2021-12-16,463,tashak129@gmail.com,NULL
Adult,False,75,2021-11-30,464,mm258@outlook.com,NULL
Adult,False,75,2021-11-29,465,tt958@gmail.com,BAYBVZ
Adult,True,95,2021-12-24,466,tiffinetiffine451@gmail.com,NULL
Child,True,70,2021-12-15,467,tkoran@gmail.com,XGXXEX
Adult,True,95,2021-12-20,468,dd693@gmail.com,NULL
Adult,False,75,2021-12-04,469,mn588@gmail.com,FPKLXF
Adult,True,95,2021-11-30,470,wm435@iCloud.com,NULL
Adult,True,95,2021-12-07,471,ll892@outlook.com,NKRQEJ
Adult,True,95,2021-12-12,472,sayesaye@gmail.com,NULL
Adult,True,95,2021-12-22,473,kk476@gmail.com,NULL
Adult,False,75,2021-12-21,474,solivanshantoya135@gmail.com,ITXJBV
Child,True,70,2021-11-26,475,darang816@gmail.com,NULL
Adult,True,95,2021-12-14,476,sotirioss278@gmail.com,PLYLSU
Adult,True,95,2021-12-24,477,jaireguizabal473@gmail.com,NULL
Adult,False,75,2021-11-29,478,yeez765@outlook.com,LGKXTB
Adult,False,75,2021-12-21,479,jamenajamena@gmail.com,XMVVTV
Adult,True,95,2021-12-13,480,mmarisha462@gmail.com,JWFWOB
Child,False,50,2021-12-08,481,dburnash566@gmail.com,NULL
Adult,True,95,2021-12-15,482,tbartolet658@iCloud.com,VEJELW
Adult,False,75,2021-12-07,483,wmbraig262@gmail.com,NULL
Adult,False,75,2021-11-25,484,brissettebrissette79@outlook.com,NULL
Adult,True,95,2021-12-13,485,lutrelllutrell333@iCloud.com,NULL
Adult,False,75,2021-12-06,486,christabelc591@gmail.com,NULL
Adult,True,95,2021-12-19,487,ttyffani40@gmail.com,NULL
Adult,False,75,2021-12-14,488,cc240@gmail.com,NULL
Adult,True,95,2021-11-29,489,mr133@iCloud.com,BFVWJM
Adult,False,75,2021-12-17,490,ww989@gmail.com,QLUUMC
Adult,False,75,2021-12-05,491,hereksony@iCloud.com,BIZGTS
Senior,True,55,2021-12-19,492,nnistler10@yahoo.com,NULL
Senior,False,35,2021-12-12,493,jozwiakj130@iCloud.com,NULL
Adult,False,75,2021-12-22,494,cb79@outlook.com,JGDVNO
Adult,False,75,2021-12-06,495,dottindottin732@gmail.com,CGLHKD
Adult,False,75,2021-12-09,496,rf474@gmail.com,WDITIR
Adult,False,75,2021-12-21,497,ee534@outlook.com,NULL
Adult,False,75,2021-12-07,498,lp561@outlook.com,NULL
Adult,True,95,2021-12-17,499,mmaricella165@gmail.com,EWAQII
Adult,True,95,2021-11-26,500,ss792@gmail.com,NULL
Senior,True,55,2021-12-24,501,packebushp600@gmail.com,KSLOFM
Adult,True,95,2021-11-26,502,ss531@gmail.com,GBJBBK
Adult,False,75,2021-12-09,503,yarringtonyarrington527@gmail.com,ZXWIBE
Senior,False,35,2021-12-23,504,ffensel485@gmail.com,NULL
Adult,False,75,2021-11-28,505,birkenheadbirkenhead862@gmail.com,NULL
Adult,False,75,2021-11-27,506,pawelekpawelek261@gmail.com,NULL
Child,True,70,2021-11-28,507,dh393@iCloud.com,GSOFEH
Adult,False,75,2021-12-06,508,thavyp76@outlook.com,OXZUJP
Adult,False,75,2021-12-10,509,agrave643@gmail.com,TEHVCP
Senior,True,55,2021-12-07,510,nn731@yahoo.com,RFWTSW
Adult,True,95,2021-12-12,511,cc966@outlook.com,NULL
Adult,True,95,2021-12-03,512,podpod200@yahoo.com,NULL
Child,False,50,2021-12-14,513,sargons415@outlook.com,NULL
Child,False,50,2021-12-02,514,andrewjamesvarland569@gmail.com,EZPSNP
Senior,False,35,2021-11-29,515,mahogonymahogony293@gmail.com,DDNMEM
Adult,False,75,2021-12-02,516,gretchencertain@gmail.com,ABIKJA
Adult,False,75,2021-12-08,517,ttiffanie36@gmail.com,NHXRCC
Adult,True,95,2021-12-14,518,nakeian667@gmail.com,YOJNOI
Senior,True,55,2021-11-25,519,lenwoodsechrest274@yahoo.com,NKRQEJ
Adult,False,75,2021-12-03,520,ll399@gmail.com,NULL
Adult,False,75,2021-12-19,521,jjatara@yahoo.com,NULL
Adult,False,75,2021-12-10,522,scaffscaff144@gmail.com,XYGSJW
Adult,False,75,2021-12-01,523,jerradr947@gmail.com,PGJYAO
Child,False,50,2021-12-20,524,da131@gmail.com,NULL
Adult,False,75,2021-11-28,525,jmcaffee713@gmail.com,NULL
Adult,False,75,2021-12-18,526,mackedanzm526@yahoo.com,YYQDRX
Adult,False,75,2021-12-07,527,ccecchinato@gmail.com,NULL
Adult,False,75,2021-12-05,528,jaylinl660@gmail.com,NULL
Senior,True,55,2021-12-11,529,tarrynkoda138@iCloud.com,XHUJVY
Child,True,70,2021-12-03,530,ripollr652@gmail.com,ENBHUC
Child,False,50,2021-12-21,531,fhernanadez957@outlook.com,NULL
Child,False,50,2021-12-19,532,jhomann772@outlook.com,NULL
Adult,False,75,2021-11-30,533,ll744@gmail.com,GOIIOG
Adult,False,75,2021-12-18,534,lakitalakita84@gmail.com,NULL
Adult,False,75,2021-12-23,535,vk989@outlook.com,NULL
Adult,True,95,2021-12-03,536,socratess103@gmail.com,HPFTKH
Adult,True,95,2021-12-01,537,trumaineb966@iCloud.com,HOSDYC
Adult,False,75,2021-12-01,538,lyricw660@iCloud.com,QTVRWO
Adult,False,75,2021-12-19,539,hl920@gmail.com,NULL
Adult,True,95,2021-12-21,540,gamonsgamons376@yahoo.com,LMFITM
Child,True,70,2021-12-14,541,kasslerkassler451@gmail.com,NULL
Adult,False,75,2021-12-19,542,jssicaj@gmail.com,NULL
Adult,False,75,2021-12-01,543,ss611@yahoo.com,JWFWOB
Adult,False,75,2021-12-04,544,jodees793@gmail.com,XULFCX
Adult,False,75,2021-12-22,545,alarra59@iCloud.com,NULL
Adult,True,95,2021-12-13,546,gautharrison339@yahoo.com,YLFNJH
Adult,False,75,2021-12-02,547,rrenessa@gmail.com,PEZYCD
Adult,True,95,2021-12-15,548,soledadsoledad523@gmail.com,TPHBQU
Adult,False,75,2021-12-20,549,js465@yahoo.com,NULL
Adult,True,95,2021-12-06,550,klauchaire987@gmail.com,RNTYDM
Adult,True,95,2021-11-30,551,jb663@gmail.com,NULL
Child,False,50,2021-12-21,552,taishadubiel@gmail.com,NEYJBA
Senior,True,55,2021-12-08,553,giacomop189@yahoo.com,XDAORK
Senior,False,35,2021-12-04,554,ss125@gmail.com,NXSTOZ
Adult,False,75,2021-12-20,555,stanostano454@gmail.com,AYXRWZ
Adult,False,75,2021-12-18,556,ss396@gmail.com,HPFTKH
Child,True,70,2021-12-14,557,sbreyers926@iCloud.com,NULL
Adult,True,95,2021-12-14,558,ts531@gmail.com,JLGHVI
Adult,True,95,2021-12-05,559,ernestinaradde651@iCloud.com,NULL
Adult,False,75,2021-11-28,560,malderton9@gmail.com,TUQZUP
Adult,False,75,2021-12-21,561,koun387@gmail.com,NULL
Adult,False,75,2021-12-01,562,gamergamer981@outlook.com,NULL
Adult,False,75,2021-12-01,563,jkleinknecht67@gmail.com,NHXRCC
Child,True,70,2021-11-26,564,vikaz284@iCloud.com,NULL
Child,False,50,2021-12-14,565,mattyt818@yahoo.com,NULL
Adult,True,95,2021-12-12,566,alverestt695@gmail.com,NULL
Adult,False,75,2021-12-06,567,aviox3@gmail.com,NULL
Adult,True,95,2021-12-16,568,aarne77@gmail.com,MBWUMC
Adult,True,95,2021-12-23,569,aledlow881@iCloud.com,NULL
Senior,False,35,2021-12-05,570,hmathers759@gmail.com,GSRCHJ
Adult,True,95,2021-12-10,571,shalonshalon213@gmail.com,BAYBVZ
Adult,False,75,2021-12-23,572,rswantak417@gmail.com,NULL
Child,True,70,2021-11-25,573,an844@iCloud.com,EQQLOQ
Child,True,70,2021-12-02,574,gr947@gmail.com,NULL
Senior,False,35,2021-12-11,575,talibbourgeois108@gmail.com,MWSDLD
Adult,True,95,2021-12-08,576,lb1@gmail.com,LCELYE
Adult,False,75,2021-12-11,577,kb799@yahoo.com,MWSDLD
Adult,False,75,2021-11-25,578,perfectob291@gmail.com,PLYLSU
Adult,False,75,2021-12-12,579,bbradigan571@outlook.com,CJENMP
Adult,False,75,2021-12-17,580,riccior93@gmail.com,UDBXUP
Adult,True,95,2021-12-07,581,alexiatewell23@gmail.com,NULL
Child,True,70,2021-12-22,582,mtokarski355@iCloud.com,TPERUZ
Adult,False,75,2021-12-12,583,annegoetzinger64@yahoo.com,NULL
Adult,True,95,2021-12-12,584,tarnaa570@gmail.com,NULL
Adult,False,75,2021-11-28,585,shenikarandrup387@gmail.com,XBXESK
Adult,False,75,2021-12-09,586,rachealn79@gmail.com,NULL
Adult,False,75,2021-11-26,587,banessab44@gmail.com,NULL
Adult,False,75,2021-11-29,588,jonesjones167@outlook.com,NULL
Adult,False,75,2021-12-22,589,ggunlock@gmail.com,NULL
Adult,True,95,2021-12-05,590,vbeaz@iCloud.com,NULL
Adult,False,75,2021-11-29,591,ggesing893@gmail.com,URKLQK
Adult,False,75,2021-12-22,592,pg376@gmail.com,NULL
Adult,False,75,2021-12-14,593,kduh155@gmail.com,ZLIAHY
Child,True,70,2021-12-20,594,elessaelessa522@gmail.com,PITNRV
Child,False,50,2021-12-19,595,ameishad827@gmail.com,DMYYPA
Adult,True,95,2021-12-21,596,bernhardm776@gmail.com,NULL
Child,True,70,2021-12-15,597,albinoa847@yahoo.com,NULL
Adult,False,75,2021-11-30,598,ronerone933@gmail.com,TAGMZO
Adult,False,75,2021-12-03,599,lauritzenlauritzen865@gmail.com,NULL
Adult,True,95,2021-12-22,600,lllewlyn1000@outlook.com,YLBDWG
Child,True,70,2021-11-27,601,jocktallerico42@gmail.com,QNHDVX
Adult,False,75,2021-12-08,602,ss362@gmail.com,ANOBNH
Senior,False,35,2021-12-11,603,fultonr787@gmail.com,MXKECW
Adult,True,95,2021-12-16,604,ss885@gmail.com,ZBZLQQ
Adult,True,95,2021-11-30,605,georgannemattingly212@gmail.com,NULL
Adult,False,75,2021-12-20,606,kk147@yahoo.com,RNTYDM
Adult,False,75,2021-11-26,607,tallulaht10@gmail.com,NULL
Senior,False,35,2021-12-04,608,mmelena790@gmail.com,NULL
Adult,True,95,2021-11-30,609,rsorotzkin319@outlook.com,NULL
Adult,True,95,2021-12-13,610,mm@gmail.com,TTRJWE
Adult,False,75,2021-12-04,611,sherettarances522@gmail.com,NULL
Adult,False,75,2021-12-03,612,atyren@iCloud.com,HHCHPL
Adult,True,95,2021-12-14,613,ct@gmail.com,NULL
Adult,True,95,2021-12-01,614,aftanspace213@gmail.com,NULL
Senior,False,35,2021-12-15,615,sseidel583@gmail.com,VGNBJY
Adult,False,75,2021-12-09,616,hebenstein235@iCloud.com,NULL
Adult,True,95,2021-12-21,617,ah@gmail.com,AVLDAS
Adult,False,75,2021-12-04,618,mervinm@gmail.com,NULL
Adult,True,95,2021-12-14,619,jj798@iCloud.com,OXZUJP
Adult,True,95,2021-12-15,620,gaylorddantonio105@iCloud.com,NLOIWC
Adult,False,75,2021-12-21,621,bb58@gmail.com,NULL
Adult,False,75,2021-12-15,622,ejarosh698@gmail.com,NULL
Adult,True,95,2021-12-23,623,rromero268@gmail.com,OXZUJP
Adult,True,95,2021-12-10,624,kkreston287@gmail.com,NULL
Adult,False,75,2021-11-25,625,shanteeconstanza698@outlook.com,UKTBRV
Adult,True,95,2021-12-13,626,shonaker709@iCloud.com,NULL
Adult,True,95,2021-12-18,627,bblaustein859@gmail.com,NULL
Adult,False,75,2021-11-30,628,damariusready913@gmail.com,XBXESK
Adult,True,95,2021-12-24,629,bbabel@outlook.com,BAYBVZ
Adult,False,75,2021-12-07,630,glenwooda428@yahoo.com,NULL
Adult,True,95,2021-12-22,631,merlynm298@gmail.com,NULL
Adult,False,75,2021-12-22,632,iliannalamay731@gmail.com,PPPUIJ
Adult,False,75,2021-11-27,633,nemecekc966@gmail.com,NULL
Adult,True,95,2021-12-11,634,stasheba9@gmail.com,MNOSMZ
Adult,False,75,2021-12-17,635,aaryana103@outlook.com,LTROHY
Senior,False,35,2021-12-22,636,jesepizana104@gmail.com,VGNBJY
Adult,True,95,2021-12-15,637,ttaniya@outlook.com,NULL
Senior,False,35,2021-12-06,638,llinden204@outlook.com,NULL
Adult,False,75,2021-12-10,639,ludeckel726@gmail.com,MNOSMZ
Adult,True,95,2021-12-06,640,tlofty255@yahoo.com,DXVYRX
Adult,True,95,2021-12-11,641,plinstrom27@gmail.com,HPFTKH
Adult,False,75,2021-12-09,642,gg@gmail.com,NULL
Adult,False,75,2021-12-11,643,shatanyas870@outlook.com,NULL
Adult,False,75,2021-12-09,644,kurstencalco982@gmail.com,OXZUJP
Adult,True,95,2021-12-01,645,macduffmacduff596@outlook.com,URKLQK
Adult,True,95,2021-12-06,646,swartzentrubeswartzentrube426@gmail.com,NULL
Adult,True,95,2021-11-27,647,ee826@gmail.com,NULL
Adult,False,75,2021-11-25,648,faiger551@gmail.com,LGQJJI
Senior,False,35,2021-12-15,649,jdishon119@iCloud.com,ZPHPNG
Adult,False,75,2021-12-19,650,lb235@iCloud.com,NULL
Adult,True,95,2021-12-13,651,hudekh690@outlook.com,NULL
Senior,False,35,2021-12-16,652,tt166@gmail.com,BDZZQW
Adult,False,75,2021-12-13,653,ll525@iCloud.com,KPVPAT
Adult,False,75,2021-12-21,654,shirellw977@outlook.com,NULL
Child,False,50,2021-12-04,655,charissabroers352@gmail.com,EWAQII
Adult,True,95,2021-12-05,656,wambachw425@gmail.com,XYGSJW
Adult,False,75,2021-12-06,657,burdzelburdzel161@gmail.com,NULL
Adult,True,95,2021-12-17,658,kknerien507@gmail.com,NAWBMD
Adult,True,95,2021-12-04,659,slababit@gmail.com,VKNMRX
Senior,False,35,2021-12-22,660,ds252@gmail.com,NULL
Adult,False,75,2021-12-06,661,shilos744@gmail.com,IQTEMJ
Adult,True,95,2021-12-15,662,cc@gmail.com,NULL
Adult,False,75,2021-12-16,663,db764@gmail.com,NULL
Senior,True,55,2021-12-24,664,korongotsche554@outlook.com,NULL
Adult,False,75,2021-12-23,665,corinnepeshlakai186@gmail.com,NULL
Adult,False,75,2021-12-15,666,khoup483@outlook.com,NULL
Adult,True,95,2021-11-27,667,montralbeckstrom782@gmail.com,NULL
Adult,False,75,2021-12-12,668,brentyni413@gmail.com,OWNVPA
Adult,True,95,2021-11-25,669,christienm867@gmail.com,NULL
Adult,False,75,2021-12-07,670,luveniac19@outlook.com,NULL
Adult,True,95,2021-12-01,671,ga554@gmail.com,NULL
Adult,False,75,2021-12-19,672,licett318@gmail.com,NULL
Adult,True,95,2021-12-12,673,hienn683@yahoo.com,NULL
Adult,True,95,2021-12-18,674,jeresas766@iCloud.com,RJQIZV
Senior,True,55,2021-12-06,675,johnellej843@iCloud.com,SWXYCM
Adult,False,75,2021-12-01,676,channyc380@iCloud.com,RNTYDM
Adult,True,95,2021-12-20,677,kanthony663@gmail.com,XGXXEX
Senior,True,55,2021-12-22,678,naan22@gmail.com,NULL
Adult,False,75,2021-12-02,679,sc984@yahoo.com,VUYWIG
Adult,False,75,2021-12-17,680,ll235@gmail.com,FXCCAP
Adult,False,75,2021-12-02,681,fd755@outlook.com,DWXJVB
Adult,False,75,2021-12-05,682,aideh361@outlook.com,OASUOB
Adult,False,75,2021-12-05,683,elliskoos591@gmail.com,NULL
Adult,False,75,2021-12-11,684,kk648@gmail.com,NULL
Adult,True,95,2021-12-03,685,geofreysmutnick47@iCloud.com,ZBAJUB
Adult,False,75,2021-12-02,686,eeris589@yahoo.com,ZAXPZW
Adult,False,75,2021-12-05,687,ga528@yahoo.com,DUMQYG
Adult,False,75,2021-12-20,688,mk627@outlook.com,XMXOPG
Adult,False,75,2021-12-13,689,ttroth678@gmail.com,UOSCJN
Adult,False,75,2021-11-29,690,joycelynjoycelyn965@gmail.com,NULL
Child,True,70,2021-12-06,691,jamariswilansky101@gmail.com,NULL
Senior,False,35,2021-12-02,692,jh723@yahoo.com,NULL
Adult,True,95,2021-12-21,693,rsiegmund240@iCloud.com,NULL
Senior,False,35,2021-11-29,694,smecos461@iCloud.com,MUIOWR
Adult,True,95,2021-12-03,695,haertelh336@gmail.com,NULL
Adult,True,95,2021-11-30,696,cm93@gmail.com,QLUUMC
Senior,True,55,2021-12-15,697,delfinoshihadeh195@gmail.com,UXOIKC
Adult,True,95,2021-12-04,698,gregort608@iCloud.com,NULL
Adult,False,75,2021-12-07,699,isoni267@gmail.com,HOSDYC
Adult,True,95,2021-11-27,700,terrahkitchell817@gmail.com,LNWCPR
Adult,False,75,2021-12-01,701,sschuh767@gmail.com,JEFLRG
Adult,False,75,2021-12-06,702,haggerh416@gmail.com,NULL
Adult,True,95,2021-12-24,703,seairraseairra929@gmail.com,SITZKM
Adult,False,75,2021-12-07,704,cakanicc751@iCloud.com,JYCVPO
Child,False,50,2021-12-24,705,brazzlebrazzle575@gmail.com,NULL
Adult,False,75,2021-12-09,706,wannwann166@yahoo.com,XMXOPG
Adult,True,95,2021-12-07,707,jjosehua210@gmail.com,NULL
Child,False,50,2021-12-18,708,ww@gmail.com,NULL
Adult,True,95,2021-12-03,709,ll680@gmail.com,UOSCJN
Adult,True,95,2021-12-11,710,malinkym972@gmail.com,NULL
Adult,False,75,2021-11-26,711,iilene957@outlook.com,NULL
Adult,False,75,2021-11-26,712,reannonr596@gmail.com,YLFNJH
Adult,True,95,2021-12-17,713,ak631@iCloud.com,NULL
Adult,False,75,2021-11-28,714,nnimesh790@gmail.com,NULL
Adult,False,75,2021-12-01,715,dayned744@gmail.com,NULL
Adult,False,75,2021-11-25,716,kasienardy117@gmail.com,UKTBRV
Adult,True,95,2021-12-02,717,hvanderveen518@gmail.com,LFXTLI
Adult,False,75,2021-12-12,718,pp628@gmail.com,AIKULM
Adult,False,75,2021-12-20,719,jerricarivenburgh685@gmail.com,WZZMVV
Adult,False,75,2021-11-28,720,earniee765@gmail.com,RSAECK
Adult,True,95,2021-12-05,721,kashlea173@gmail.com,NULL
Senior,True,55,2021-12-03,722,litchfordn777@gmail.com,NULL
Senior,True,55,2021-12-03,723,ccaldon994@gmail.com,NULL
Adult,False,75,2021-12-07,724,biancardib183@iCloud.com,CZQMRM
Adult,True,95,2021-12-22,725,ks298@gmail.com,NULL
Adult,False,75,2021-11-26,726,gglory@yahoo.com,IVBBAW
Adult,True,95,2021-12-03,727,rr635@gmail.com,NULL
Adult,True,95,2021-12-16,728,klopfensteink875@gmail.com,NULL
Adult,False,75,2021-12-06,729,jl@gmail.com,NULL
Adult,True,95,2021-12-07,730,nparco83@outlook.com,WXNUZF
Adult,True,95,2021-12-19,731,bp913@iCloud.com,NULL
Adult,False,75,2021-12-14,732,geisengeisen594@gmail.com,NULL
Adult,False,75,2021-12-09,733,domingod351@gmail.com,NULL
Adult,False,75,2021-12-02,734,chaliceg765@gmail.com,NULL
Adult,False,75,2021-12-12,735,jandrisjandris829@gmail.com,JYCVPO
Adult,True,95,2021-12-12,736,sheenahs@iCloud.com,NULL
Adult,True,95,2021-11-28,737,tareev972@gmail.com,XUSNMT
Adult,True,95,2021-12-16,738,sjaine349@iCloud.com,EQQLOQ
Adult,True,95,2021-12-05,739,kamilaht255@yahoo.com,YYQDRX
Adult,True,95,2021-12-03,740,corrinar562@gmail.com,BDZZQW
Adult,True,95,2021-12-19,741,jimykatowicz552@gmail.com,NULL
Adult,True,95,2021-12-19,742,tonnaf965@gmail.com,TPERUZ
Adult,True,95,2021-12-14,743,chatoyav241@gmail.com,NULL
Child,True,70,2021-12-22,744,galengalen117@yahoo.com,NULL
Adult,True,95,2021-12-02,745,juniusb585@gmail.com,YEOEBG
Adult,False,75,2021-12-18,746,mnishimori747@gmail.com,NULL
Adult,False,75,2021-12-14,747,sheymachain349@yahoo.com,NULL
Adult,False,75,2021-12-02,748,derellemearns390@gmail.com,NULL
Adult,False,75,2021-11-29,749,ralphralph877@yahoo.com,NULL
Adult,False,75,2021-11-26,750,mugnolomugnolo@iCloud.com,NULL
Adult,True,95,2021-11-25,751,ss@iCloud.com,BDVUWA
Adult,False,75,2021-12-12,752,brochaq805@gmail.com,NULL
Adult,True,95,2021-12-04,753,dliebherr727@outlook.com,NULL
Senior,False,35,2021-12-20,754,turanpurslow850@iCloud.com,NULL
Adult,False,75,2021-12-21,755,ll709@gmail.com,YLBDWG
Adult,True,95,2021-11-25,756,ccassius@gmail.com,VXJWOX
Senior,True,55,2021-12-16,757,jj626@gmail.com,XGXXEX
Adult,True,95,2021-12-23,758,markellag375@iCloud.com,NULL
Adult,True,95,2021-12-16,759,aldoa588@gmail.com,NULL
Adult,False,75,2021-12-01,760,alexandraa880@outlook.com,NULL
Adult,True,95,2021-12-13,761,ew974@iCloud.com,NULL
Child,False,50,2021-11-27,762,mmartel@gmail.com,NULL
Child,True,70,2021-11-28,763,ls22@iCloud.com,NULL
Adult,True,95,2021-12-09,764,tspence257@gmail.com,NULL
Adult,False,75,2021-12-18,765,cc556@gmail.com,NULL
Adult,False,75,2021-12-12,766,sshelquist445@gmail.com,NULL
Senior,True,55,2021-11-26,767,heinleinheinlein475@iCloud.com,INTAOE
Adult,True,95,2021-12-13,768,zoniasebastien@gmail.com,XJIXHH
Adult,False,75,2021-12-18,769,kyriak253@gmail.com,PPPUIJ
Child,True,70,2021-12-24,770,graigbaldi@yahoo.com,HOSDYC
Adult,False,75,2021-11-30,771,jj974@yahoo.com,YOJNOI
Adult,True,95,2021-11-29,772,degiuliodegiulio689@gmail.com,NULL
Adult,True,95,2021-12-22,773,carsenc91@gmail.com,NULL
Adult,True,95,2021-12-15,774,eenglebert840@iCloud.com,ZLIAHY
Child,True,70,2021-12-18,775,bb186@outlook.com,OASUOB
Adult,True,95,2021-12-03,776,deforddeford623@yahoo.com,NULL
Adult,True,95,2021-12-06,777,stautuiaki560@iCloud.com,PLDQDT
Adult,True,95,2021-11-26,778,gmikola296@gmail.com,NULL
Adult,True,95,2021-12-09,779,pp559@gmail.com,NUZXIG
Adult,True,95,2021-11-30,780,ccadavieco746@gmail.com,NHXRCC
Adult,True,95,2021-12-04,781,dominigueh932@gmail.com,XGXXEX
Adult,True,95,2021-12-09,782,kvines@outlook.com,NULL
Adult,False,75,2021-12-14,783,bgeralyn622@gmail.com,NULL
Adult,False,75,2021-11-28,784,vgillian@outlook.com,UEEFEU
Adult,True,95,2021-12-18,785,as940@iCloud.com,NULL
Adult,True,95,2021-12-10,786,kleason29@gmail.com,NULL
Adult,False,75,2021-12-03,787,larandag998@iCloud.com,OWTNUJ
Child,False,50,2021-11-27,788,lkeels205@gmail.com,QPCWDP
Adult,True,95,2021-12-12,789,st780@gmail.com,WASWDE
Adult,False,75,2021-12-17,790,mb@iCloud.com,NULL
Adult,True,95,2021-11-29,791,eriche927@gmail.com,NULL
Adult,False,75,2021-12-05,792,vkerby113@iCloud.com,ANOBNH
Adult,True,95,2021-12-04,793,kshieh991@gmail.com,NULL
Child,True,70,2021-12-05,794,lf@iCloud.com,PQNJKS
Adult,False,75,2021-12-13,795,tt@outlook.com,NULL
Senior,False,35,2021-11-30,796,waseemr475@gmail.com,VUYWIG
Adult,False,75,2021-12-15,797,coralynluckett34@yahoo.com,RYQLJE
Adult,True,95,2021-12-01,798,rremo758@outlook.com,NULL
Adult,False,75,2021-11-29,799,bs680@gmail.com,VMEROF
Adult,False,75,2021-12-16,800,cshiver388@yahoo.com,NULL
Child,False,50,2021-12-08,801,voytekvoytek@gmail.com,QPCWDP
Adult,False,75,2021-12-20,802,cemigholz308@gmail.com,CZQMRM
Adult,False,75,2021-11-25,803,milos@gmail.com,DUMQYG
Adult,True,95,2021-12-17,804,sc295@gmail.com,NULL
Adult,True,95,2021-11-30,805,sf342@outlook.com,QLUUMC
Adult,False,75,2021-12-06,806,nerbonnenerbonne73@gmail.com,NULL
Adult,True,95,2021-11-27,807,agoeman330@outlook.com,TNVYFX
Child,True,70,2021-12-23,808,jt346@gmail.com,UFCHYN
Adult,True,95,2021-11-27,809,cl900@gmail.com,HHCHPL
Senior,True,55,2021-12-20,810,dpingree148@gmail.com,NULL
Adult,False,75,2021-11-30,811,tg631@iCloud.com,OWTNUJ
Child,True,70,2021-12-03,812,tr548@outlook.com,NULL
Adult,True,95,2021-12-12,813,kk458@yahoo.com,NULL
Adult,True,95,2021-12-08,814,mm691@gmail.com,NULL
Adult,False,75,2021-12-15,815,hanahnottage546@gmail.com,NULL
Child,True,70,2021-12-03,816,cuonghutchins518@gmail.com,NULL
Adult,True,95,2021-11-26,817,anjulianjuli452@gmail.com,WHCIIT
Child,False,50,2021-12-17,818,toupet471@yahoo.com,NULL
Adult,False,75,2021-12-18,819,mcarley996@yahoo.com,XMXOPG
Adult,True,95,2021-12-01,820,jgramble997@gmail.com,PNSEIQ
Adult,True,95,2021-12-10,821,el925@iCloud.com,NULL
Adult,True,95,2021-12-06,822,kealohanuikealohanui683@gmail.com,UFCHYN
Adult,False,75,2021-12-24,823,kgaukroger942@gmail.com,NULL
Adult,True,95,2021-11-26,824,schoeckl880@iCloud.com,XQDLCW
Adult,False,75,2021-12-03,825,sn540@gmail.com,NULL
Senior,False,35,2021-12-07,826,ffu910@gmail.com,NULL
Adult,True,95,2021-12-05,827,bb189@gmail.com,FZDKRK
Senior,False,35,2021-12-18,828,toertle@gmail.com,ZUHQSS
Adult,True,95,2021-12-15,829,zz902@gmail.com,MNOSMZ
Adult,False,75,2021-12-20,830,tagletagle638@gmail.com,NULL
Adult,False,75,2021-12-14,831,claudinacorkran@gmail.com,VXLSVR
Adult,True,95,2021-11-29,832,dondrab@gmail.com,NULL
Senior,True,55,2021-12-20,833,tw@gmail.com,GUOYRU
Adult,True,95,2021-12-15,834,hp423@gmail.com,NULL
Adult,False,75,2021-11-29,835,freddiebunche@iCloud.com,NULL
Adult,True,95,2021-12-12,836,mr887@gmail.com,NKRQEJ
Adult,True,95,2021-11-27,837,pp428@gmail.com,LTSERX
Adult,True,95,2021-12-17,838,swinarski116@gmail.com,MUIOWR
Adult,False,75,2021-12-08,839,deshonnastellmacher784@gmail.com,NULL
Child,False,50,2021-12-07,840,sk343@gmail.com,HCDJVR
Child,False,50,2021-11-29,841,sm789@yahoo.com,NULL
Adult,True,95,2021-12-11,842,tiffaneginty313@outlook.com,NULL
Adult,True,95,2021-12-14,843,el463@gmail.com,NULL
Adult,True,95,2021-12-14,844,ag66@gmail.com,NULL
Adult,True,95,2021-11-28,845,ywooley313@gmail.com,NULL
Child,True,70,2021-11-29,846,sarahis636@iCloud.com,NULL
Adult,False,75,2021-12-07,847,am158@gmail.com,EZPSNP
Adult,False,75,2021-12-19,848,ss135@gmail.com,MMPSFY
Adult,False,75,2021-12-18,849,hodgkinshodgkins13@outlook.com,ARLGYD
Child,True,70,2021-12-03,850,vanoflenvanoflen521@gmail.com,NULL
Adult,True,95,2021-12-19,851,hnikesha339@gmail.com,NULL
Adult,False,75,2021-11-27,852,hadiyahadiya858@gmail.com,TAGMZO
Child,True,70,2021-12-13,853,ft516@iCloud.com,NULL
Adult,True,95,2021-11-27,854,nhilser957@gmail.com,ITXJBV
Adult,False,75,2021-11-25,855,jjeffrie275@iCloud.com,NULL
Senior,False,35,2021-12-18,856,ctrunk375@gmail.com,NULL
Adult,False,75,2021-11-28,857,dillonmckinnell418@iCloud.com,NULL
Adult,False,75,2021-12-10,858,aa546@outlook.com,NULL
Adult,True,95,2021-12-08,859,towanapasto@gmail.com,NULL
Senior,False,35,2021-12-12,860,ss197@gmail.com,WOANTI
Adult,True,95,2021-12-09,861,pfeiflep@outlook.com,XULFCX
Senior,False,35,2021-12-17,862,tarenceluvene@gmail.com,GOIIOG
Adult,True,95,2021-12-24,863,shmekaprasad774@iCloud.com,QPCWDP
Adult,True,95,2021-12-24,864,pegahr241@outlook.com,FJMJJI
Adult,False,75,2021-12-01,865,rosemariegrybel575@gmail.com,DWXJVB
Adult,True,95,2021-11-26,866,jmugnolo386@yahoo.com,PWHRJM
Adult,False,75,2021-12-03,867,jerrudtonic@outlook.com,NULL
Adult,False,75,2021-12-17,868,laseanl45@gmail.com,NULL
Adult,False,75,2021-12-19,869,gerrona901@gmail.com,AIKULM
Child,False,50,2021-12-04,870,annettaa@gmail.com,NULL
Adult,True,95,2021-11-25,871,rf131@gmail.com,ANHJPV
Adult,False,75,2021-12-24,872,kc725@gmail.com,GZTOQV
Senior,True,55,2021-11-28,873,chasyaa12@gmail.com,GTLVBY
Adult,False,75,2021-11-30,874,burnellburnell360@gmail.com,DMYYPA
Senior,False,35,2021-12-23,875,tyeatts761@gmail.com,WZZMVV
Adult,False,75,2021-12-14,876,tschlotfeldt721@iCloud.com,NULL
Adult,True,95,2021-12-17,877,lg848@gmail.com,OWNVPA
Adult,False,75,2021-12-12,878,ieishapusch4@gmail.com,NULL
Adult,True,95,2021-11-30,879,brysontomasek458@gmail.com,NULL
Adult,True,95,2021-12-21,880,cainpennachio581@gmail.com,RNPWLT
Adult,True,95,2021-12-15,881,brooklingirten833@iCloud.com,NULL
Adult,True,95,2021-12-13,882,bepley889@gmail.com,RNTYDM
Adult,True,95,2021-12-24,883,no187@gmail.com,QDSJZX
Child,True,70,2021-12-04,884,kb165@gmail.com,NULL
Adult,True,95,2021-11-30,885,ka466@gmail.com,NULL
Adult,False,75,2021-12-02,886,tdonnetta346@gmail.com,NULL
Adult,True,95,2021-12-05,887,cepinc659@gmail.com,ITXJBV
Adult,True,95,2021-12-18,888,jmelius@gmail.com,NULL
Adult,True,95,2021-12-09,889,vv404@gmail.com,NULL
Adult,True,95,2021-11-26,890,jjostin375@gmail.com,NLOIWC
Senior,True,55,2021-11-28,891,hh743@gmail.com,NULL
Adult,True,95,2021-12-18,892,ev972@yahoo.com,NULL
Adult,False,75,2021-12-06,893,bbenita813@gmail.com,IZWCUI
Adult,True,95,2021-11-27,894,marcedespurzycki853@iCloud.com,NULL
Adult,True,95,2021-12-04,895,jasmag@gmail.com,NULL
Adult,False,75,2021-12-13,896,nbrouk187@gmail.com,NKRQEJ
Adult,False,75,2021-12-15,897,sd646@gmail.com,NULL
Child,False,50,2021-11-25,898,janeshaelwonger566@gmail.com,NULL
Adult,False,75,2021-12-22,899,rlovecchio27@yahoo.com,NULL
Adult,True,95,2021-12-04,900,sm802@yahoo.com,NULL
Adult,False,75,2021-12-04,901,np201@gmail.com,NHXRCC
Child,True,70,2021-11-26,902,hh257@gmail.com,NULL
Child,False,50,2021-11-29,903,reemreem940@yahoo.com,KVPWXM
Adult,True,95,2021-12-19,904,se367@gmail.com,NULL
Adult,False,75,2021-12-13,905,ft231@gmail.com,GEPTQM
Adult,False,75,2021-12-14,906,mystiqueoverpeck385@yahoo.com,LFXTLI
Adult,False,75,2021-12-05,907,vv@gmail.com,FXCCAP
Adult,True,95,2021-12-20,908,fabieno557@outlook.com,NULL
Child,True,70,2021-12-13,909,chaberkamp189@gmail.com,NULL
Child,True,70,2021-11-25,910,sauriols915@yahoo.com,NULL
Senior,True,55,2021-12-09,911,bmeuser770@gmail.com,SHUQTQ
Adult,True,95,2021-11-27,912,jacquiezietz548@gmail.com,XYGSJW
Adult,False,75,2021-11-28,913,aw740@yahoo.com,FJMJJI
Adult,True,95,2021-11-29,914,zdivens923@gmail.com,NULL
Adult,True,95,2021-11-28,915,lesal12@gmail.com,PZHADJ
Adult,False,75,2021-12-05,916,mathanielmastrianni643@gmail.com,TPERUZ
Child,True,70,2021-12-17,917,efforde947@gmail.com,NULL
Child,False,50,2021-12-21,918,swatis574@gmail.com,OWTNUJ
Adult,False,75,2021-12-20,919,francieb692@gmail.com,NULL
Adult,False,75,2021-12-11,920,mischas192@gmail.com,LASPAC
Adult,True,95,2021-12-08,921,loyall848@gmail.com,NULL
Adult,False,75,2021-12-12,922,emmanuelam333@gmail.com,JFFQNM
Adult,True,95,2021-12-09,923,ggaren@gmail.com,RFWTSW
Senior,True,55,2021-11-28,924,ss@outlook.com,NULL
Adult,True,95,2021-12-02,925,jjosecarlos600@gmail.com,NULL
Adult,False,75,2021-12-02,926,kearrao275@gmail.com,CGJEDL
Adult,False,75,2021-12-03,927,dustanfournet575@outlook.com,NULL
Adult,False,75,2021-12-10,928,nn306@gmail.com,NULL
Adult,False,75,2021-12-19,929,rondelcromeens716@gmail.com,NULL
Adult,True,95,2021-11-27,930,zouag210@yahoo.com,NULL
Adult,False,75,2021-12-14,931,maricibrian294@gmail.com,NAWBMD
Adult,False,75,2021-11-27,932,princetonp51@gmail.com,NULL
Adult,False,75,2021-12-09,933,kesacavalero723@gmail.com,NULL
Adult,True,95,2021-12-13,934,ld@yahoo.com,NULL
Adult,False,75,2021-12-07,935,mandeeh@yahoo.com,NULL
Adult,False,75,2021-12-09,936,karymcfeeters@gmail.com,IQTEMJ
Senior,False,35,2021-12-19,937,matteom67@outlook.com,NEYJBA
Adult,True,95,2021-12-10,938,rosalinejeffrie@gmail.com,NULL
Adult,False,75,2021-12-04,939,kameshac239@gmail.com,JKEPLU
Adult,False,75,2021-12-23,940,janeishab2@gmail.com,NLOIWC
Adult,False,75,2021-12-06,941,polaccop843@gmail.com,GZTOQV
Adult,True,95,2021-12-06,942,mickalap441@yahoo.com,GEAHZB
Adult,True,95,2021-12-08,943,travellraught772@gmail.com,NULL
Child,True,70,2021-12-14,944,kk301@outlook.com,NULL
Child,True,70,2021-12-20,945,dvolpert@gmail.com,RYWBKV
Adult,False,75,2021-12-09,946,apanah@gmail.com,NULL
Adult,False,75,2021-11-26,947,chantalcante74@iCloud.com,NULL
Adult,True,95,2021-12-20,948,goldengolden689@gmail.com,YCCXND
Adult,False,75,2021-12-13,949,ll397@yahoo.com,NULL
Adult,False,75,2021-12-09,950,spapagni133@outlook.com,PLYLSU
Adult,True,95,2021-12-06,951,tealateala130@gmail.com,NULL
Adult,False,75,2021-11-27,952,wl361@gmail.com,NULL
Adult,True,95,2021-11-29,953,mattyparmann850@gmail.com,NULL
Adult,False,75,2021-12-01,954,jaroldjarold370@gmail.com,PLDQDT
Adult,False,75,2021-12-18,955,dorffd935@gmail.com,NULL
Adult,True,95,2021-12-12,956,shonikal272@gmail.com,UWPJYI
Adult,True,95,2021-11-30,957,csayers694@gmail.com,NULL
Adult,True,95,2021-11-27,958,abaters806@yahoo.com,BIZGTS
Adult,True,95,2021-12-16,959,ss339@outlook.com,NULL
Adult,False,75,2021-11-25,960,terinh@iCloud.com,NULL
Adult,True,95,2021-12-07,961,pavliskap467@gmail.com,UDBXUP
Adult,False,75,2021-11-30,962,llivernois993@outlook.com,RYWBKV
Adult,True,95,2021-11-30,963,cc403@yahoo.com,DLKANY
Adult,True,95,2021-12-09,964,andrwandrw406@gmail.com,NULL
Adult,False,75,2021-12-20,965,gorumgorum@outlook.com,ZUHQSS
Adult,True,95,2021-12-05,966,tarryntarryn939@gmail.com,NULL
Adult,False,75,2021-12-09,967,kk623@gmail.com,NULL
Adult,True,95,2021-11-27,968,ff299@gmail.com,NULL
Adult,False,75,2021-12-22,969,kk609@gmail.com,EWAQII
Adult,True,95,2021-12-16,970,eh910@gmail.com,EQHWUX
Adult,True,95,2021-12-17,971,bernettamcnerney6@gmail.com,NULL
Adult,False,75,2021-12-01,972,stairss609@gmail.com,NULL
Adult,True,95,2021-12-18,973,twisttwist379@yahoo.com,YLBDWG
Child,True,70,2021-12-17,974,joachimjoachim190@outlook.com,NULL
Adult,True,95,2021-12-05,975,quashonnordeen658@iCloud.com,LCELYE
Adult,True,95,2021-12-02,976,dnowley327@gmail.com,GZTOQV
Adult,True,95,2021-12-19,977,nn158@gmail.com,PEZYCD
Child,False,50,2021-12-05,978,salays618@gmail.com,NULL
Adult,False,75,2021-12-23,979,lessliel561@gmail.com,NULL
Adult,True,95,2021-12-01,980,cciana132@yahoo.com,YEOEBG
Adult,True,95,2021-11-29,981,at619@outlook.com,NULL
Adult,True,95,2021-12-19,982,tthaddaeus338@gmail.com,HHCHPL
Adult,False,75,2021-12-08,983,knothknoth@iCloud.com,NULL
Adult,True,95,2021-12-12,984,wallewalle485@iCloud.com,JEIVWA
Adult,True,95,2021-12-03,985,rr613@gmail.com,NULL
Adult,False,75,2021-12-11,986,dsurbaugh447@iCloud.com,ZUHQSS
Senior,False,35,2021-12-17,987,gretchenr425@gmail.com,DZJCAX
Adult,False,75,2021-12-01,988,baldyb494@gmail.com,NULL
Adult,True,95,2021-12-13,989,dudgeond200@iCloud.com,MWSDLD
Adult,False,75,2021-11-28,990,lh258@gmail.com,NULL
Adult,True,95,2021-12-02,991,mme573@gmail.com,NULL
Adult,True,95,2021-12-20,992,littlebreakfield687@gmail.com,UXOIKC
Child,False,50,2021-11-26,993,dd722@gmail.com,NULL
Adult,True,95,2021-12-06,994,cc219@gmail.com,NULL
Adult,True,95,2021-12-12,995,butlerm772@yahoo.com,NULL
Adult,True,95,2021-11-25,996,aa922@gmail.com,NULL
Adult,False,75,2021-12-19,997,kkallista590@outlook.com,NULL
Adult,False,75,2021-12-02,998,kailynpalomaki532@gmail.com,AZUJMX
Adult,False,75,2021-12-05,999,aa139@yahoo.com,NULL
Adult,False,75,2021-12-08,1000,khambley319@gmail.com,KIBSLR
