email,startTime,endTime
mccutcheonmccutcheon178@gmail.com,12:00:00,20:00:00
mmuhtaseb516@iCloud.com,10:00:00,18:00:00
aharnois843@gmail.com,08:00:00:00:00,16:00:00
ah263@iCloud.com,10:00:00,18:00:00
almadeliahollinrake@gmail.com,10:00:00,18:00:00
es146@yahoo.com,08:00:00:00:00,16:00:00
ff@yahoo.com,12:00:00,20:00:00
qq514@gmail.com,12:00:00,20:00:00
marilid654@gmail.com,12:00:00,20:00:00
mkammerer18@gmail.com,10:00:00,18:00:00
lr@gmail.com,10:00:00,18:00:00
pphilicia555@gmail.com,10:00:00,18:00:00
kwasnikrasheka455@gmail.com,10:00:00,18:00:00
kkeola282@gmail.com,10:00:00,18:00:00
mm758@gmail.com,10:00:00,18:00:00
goycoocie770@yahoo.com,12:00:00,20:00:00
ferrisdelpit808@gmail.com,08:00:00:00:00,16:00:00
makennacourtright812@gmail.com,08:00:00:00:00,16:00:00
hayletthaylett@gmail.com,12:00:00,20:00:00
tynettab526@outlook.com,10:00:00,18:00:00
ddealmeida104@gmail.com,12:00:00,20:00:00
sp838@gmail.com,10:00:00,18:00:00
snettingt263@gmail.com,08:00:00:00:00,16:00:00
ddru388@yahoo.com,10:00:00,18:00:00
talder844@gmail.com,08:00:00:00:00,16:00:00
drawdyb619@gmail.com,08:00:00:00:00,16:00:00
af@gmail.com,12:00:00,20:00:00
sameulvollette@outlook.com,10:00:00,18:00:00
dominguesl222@gmail.com,12:00:00,20:00:00
jaroldg@outlook.com,12:00:00,20:00:00
darrynh215@iCloud.com,08:00:00:00:00,16:00:00
auldsa122@gmail.com,12:00:00,20:00:00
jsharper480@yahoo.com,12:00:00,20:00:00
halimahkrzyminski390@gmail.com,08:00:00:00:00,16:00:00
neimanneiman935@gmail.com,12:00:00,20:00:00
rommelr525@iCloud.com,10:00:00,18:00:00
vv@gmail.com,08:00:00:00:00,16:00:00
arlinea181@iCloud.com,10:00:00,18:00:00
jbatiste261@gmail.com,08:00:00:00:00,16:00:00
gterrel832@gmail.com,08:00:00:00:00,16:00:00
li@gmail.com,08:00:00:00:00,16:00:00
gg184@gmail.com,12:00:00,20:00:00
ag119@yahoo.com,12:00:00,20:00:00
irisht60@gmail.com,08:00:00:00:00,16:00:00
scungioangelie62@yahoo.com,12:00:00,20:00:00
nakeciav581@iCloud.com,10:00:00,18:00:00
er211@gmail.com,10:00:00,18:00:00
bkiekbusch@yahoo.com,10:00:00,18:00:00
ai275@outlook.com,10:00:00,18:00:00
lshareece343@gmail.com,10:00:00,18:00:00
kendricksvanheukelem982@gmail.com,12:00:00,20:00:00
emilliee433@yahoo.com,08:00:00:00:00,16:00:00
lc967@gmail.com,08:00:00:00:00,16:00:00
haskellijams504@yahoo.com,12:00:00,20:00:00
dd45@gmail.com,10:00:00,18:00:00
aiyshabondura974@gmail.com,10:00:00,18:00:00
dd636@gmail.com,08:00:00:00:00,16:00:00
arjunnovellino778@gmail.com,12:00:00,20:00:00
crystinmilius762@gmail.com,08:00:00:00:00,16:00:00
kr@gmail.com,12:00:00,20:00:00
margisaunna@gmail.com,08:00:00:00:00,16:00:00
mutherspawm862@gmail.com,08:00:00:00:00,16:00:00
flachut201@iCloud.com,12:00:00,20:00:00
noemilivley2@gmail.com,10:00:00,18:00:00
nkeaveney509@outlook.com,10:00:00,18:00:00
tbranam297@gmail.com,08:00:00:00:00,16:00:00
alandaalanda847@yahoo.com,12:00:00,20:00:00
tm937@yahoo.com,08:00:00:00:00,16:00:00
df465@gmail.com,10:00:00,18:00:00
puaolenas731@gmail.com,10:00:00,18:00:00
tyreikh321@outlook.com,12:00:00,20:00:00
jamichealb403@gmail.com,10:00:00,18:00:00
cwolff984@iCloud.com,10:00:00,18:00:00
jtylor97@gmail.com,10:00:00,18:00:00
hhadad203@gmail.com,08:00:00:00:00,16:00:00
ellsworthn@outlook.com,12:00:00,20:00:00
vk606@gmail.com,10:00:00,18:00:00
kavehd464@gmail.com,08:00:00:00:00,16:00:00
rhyanrhyan342@yahoo.com,10:00:00,18:00:00
maureym487@outlook.com,08:00:00:00:00,16:00:00
shorrmirian593@gmail.com,08:00:00:00:00,16:00:00
ka748@gmail.com,12:00:00,20:00:00
olympiaolympia697@gmail.com,10:00:00,18:00:00
tamierodrigres813@outlook.com,10:00:00,18:00:00
dcarello80@outlook.com,08:00:00:00:00,16:00:00
odysseyodyssey@gmail.com,08:00:00:00:00,16:00:00
steffenb468@outlook.com,08:00:00:00:00,16:00:00
kaelynw338@gmail.com,08:00:00:00:00,16:00:00
lshaw296@iCloud.com,10:00:00,18:00:00
rowlandmcgurl92@gmail.com,10:00:00,18:00:00
malakas357@gmail.com,08:00:00:00:00,16:00:00
narybolden@gmail.com,08:00:00:00:00,16:00:00
brooksbrooks250@gmail.com,12:00:00,20:00:00
sedericky277@iCloud.com,10:00:00,18:00:00
ss289@iCloud.com,08:00:00:00:00,16:00:00
garonergaroner931@gmail.com,12:00:00,20:00:00
pb@gmail.com,12:00:00,20:00:00
kurttid65@gmail.com,10:00:00,18:00:00
ccerio356@gmail.com,12:00:00,20:00:00
raginal27@iCloud.com,10:00:00,18:00:00
dk426@gmail.com,10:00:00,18:00:00
camdenbagnall701@gmail.com,12:00:00,20:00:00
johndaw959@gmail.com,10:00:00,18:00:00
taneciatanecia451@yahoo.com,10:00:00,18:00:00
jj293@iCloud.com,08:00:00:00:00,16:00:00
hhynson791@gmail.com,08:00:00:00:00,16:00:00
mmisael60@gmail.com,08:00:00:00:00,16:00:00
fabricec477@gmail.com,10:00:00,18:00:00
rb277@gmail.com,08:00:00:00:00,16:00:00
ddarrik835@outlook.com,12:00:00,20:00:00
aa557@gmail.com,12:00:00,20:00:00
kenoidell264@gmail.com,08:00:00:00:00,16:00:00
natiaceniceros351@yahoo.com,08:00:00:00:00,16:00:00
tc140@iCloud.com,08:00:00:00:00,16:00:00
johnettes@gmail.com,12:00:00,20:00:00
bb893@iCloud.com,08:00:00:00:00,16:00:00
bryenb395@iCloud.com,08:00:00:00:00,16:00:00
mmakenna952@gmail.com,12:00:00,20:00:00
ba@gmail.com,08:00:00:00:00,16:00:00
porcshajastrebski932@gmail.com,12:00:00,20:00:00
gg6@gmail.com,12:00:00,20:00:00
kkelan118@gmail.com,08:00:00:00:00,16:00:00
antwaneobeid@iCloud.com,08:00:00:00:00,16:00:00
obrienb73@gmail.com,12:00:00,20:00:00
cswieca150@yahoo.com,08:00:00:00:00,16:00:00
deniellewalner469@gmail.com,10:00:00,18:00:00
jjosten867@iCloud.com,08:00:00:00:00,16:00:00
davyh864@gmail.com,12:00:00,20:00:00
jonhkordys9@gmail.com,12:00:00,20:00:00
fh@gmail.com,12:00:00,20:00:00
wagnerbriant786@iCloud.com,12:00:00,20:00:00
devona148@iCloud.com,10:00:00,18:00:00
makeshag388@gmail.com,10:00:00,18:00:00
nn474@gmail.com,10:00:00,18:00:00
mmikail@yahoo.com,12:00:00,20:00:00
babeckiceaser544@gmail.com,08:00:00:00:00,16:00:00
johnphillipjohnphillip289@gmail.com,12:00:00,20:00:00
tariqheiliger@iCloud.com,12:00:00,20:00:00
as779@gmail.com,10:00:00,18:00:00
bj@outlook.com,12:00:00,20:00:00
britniey230@outlook.com,08:00:00:00:00,16:00:00
bmarshelle266@yahoo.com,08:00:00:00:00,16:00:00
mkeiter182@gmail.com,12:00:00,20:00:00
chanellk@gmail.com,08:00:00:00:00,16:00:00
mm@yahoo.com,12:00:00,20:00:00
zankzank@gmail.com,12:00:00,20:00:00
dolbearedolbeare58@gmail.com,10:00:00,18:00:00
tostrov407@outlook.com,12:00:00,20:00:00
ssindoni495@yahoo.com,08:00:00:00:00,16:00:00
aabrahim@yahoo.com,10:00:00,18:00:00
