fName,lName,isMaintenanceCertified,employeeType,salary,phoneNumber,email
Olympia,Biastock,False,Attraction Operator,31831,4169746048,olympiaolympia697@gmail.com
Keary,Worsham,True,Attraction Operator,36451,4169911449,kearyworsham954@iCloud.com
Braulio,Valme,False,Admissions Attendant,25688,4376226893,vv@gmail.com
Dyson,Doelling,True,Attraction Operator,33102,6476435094,dd512@gmail.com
Indya,Muhtaseb,True,Attraction Operator,30638,4163748860,mmuhtaseb516@iCloud.com
Aakash,Cordova,True,Attraction Operator,22469,5489344135,ac@yahoo.com
Tiani,Gladney,True,Admissions Attendant,21978,4161586936,tgladney176@gmail.com
Tamie,Rodrigres,True,Admissions Attendant,25148,6478081031,tamierodrigres813@outlook.com
Ezell,Alf,True,Attraction Operator,21009,4166641749,alfa773@gmail.com
Kendricks,Vanheukelem,False,Admissions Attendant,24179,6478997438,kendricksvanheukelem982@gmail.com
Kaveh,Dortch,False,Attraction Operator,21860,2262343640,kavehd464@gmail.com
Keeli,Luchterhand,False,Attraction Operator,39373,4169106895,keeliluchterhand538@gmail.com
Lashawna,Domingues,False,Attraction Operator,27892,2891203977,dominguesl222@gmail.com
Lillia,Mcalister,False,Admissions Attendant,33946,6476951839,mcalisterm951@outlook.com
Jami,Stent,True,Admissions Attendant,30101,4162032720,stentstent688@gmail.com
Kelan,Ferrer,True,Ride Technician,20174,5484816010,kkelan118@gmail.com
Jamille,Turberville,False,Admissions Attendant,23988,4372252319,jturberville982@gmail.com
Humza,Murrill,False,Admissions Attendant,31717,4169177142,mh@gmail.com
Almadelia,Hollinrake,True,Ride Technician,36016,4375372381,almadeliahollinrake@gmail.com
Soraida,Jasmer,False,Attraction Operator,24211,6473376397,jj293@iCloud.com
Tanecia,Barbrick,True,Ride Technician,35104,2899956874,taneciatanecia451@yahoo.com
Arelys,Arganbright,True,Attraction Operator,35809,5483597752,aa560@iCloud.com
Darrik,Rigley,True,Attraction Operator,30254,5488288639,ddarrik835@outlook.com
Rommel,Farese,True,Attraction Operator,28991,5199233258,rommelr525@iCloud.com
Evelena,Blacock,False,Attraction Operator,35906,2897742072,blacockblacock944@gmail.com
Halimah,Krzyminski,False,Admissions Attendant,25691,5197913209,halimahkrzyminski390@gmail.com
Sherril,Coxen,False,Attraction Operator,37629,2895534349,sherrilc510@gmail.com
Kenroy,Manders,True,Attraction Operator,32876,6476204450,kmanders610@iCloud.com
Shilah,Pitzer,True,Attraction Operator,37125,5482142834,sp838@gmail.com
Marili,Dalere,True,Attraction Operator,36304,5485723193,marilid654@gmail.com
Adena,Harnois,False,Attraction Operator,31668,2893385401,aharnois843@gmail.com
Mitch,Bourdier,True,Attraction Operator,37430,6474157474,bourdierb264@gmail.com
Philicia,Selvey,True,Ride Technician,23416,5484672262,pphilicia555@gmail.com
Janathan,Brodish,True,Ride Technician,30366,2891973329,janathanb257@iCloud.com
Artia,Froeliger,False,Attraction Operator,31025,2898862010,artiafroeliger871@outlook.com
Ava,Heines,True,Attraction Operator,27463,6478848762,aa557@gmail.com
Johnda,Woodhouse,False,Admissions Attendant,37195,6479992773,johndaw959@gmail.com
Preethi,Haylett,True,Ride Technician,23472,2262771408,hayletthaylett@gmail.com
Mike,Hudock,False,Admissions Attendant,24571,4378129227,mh49@gmail.com
Dru,Braymer,True,Attraction Manager,37699,2262108640,ddru388@yahoo.com
Tyreik,Hoskie,False,Attraction Operator,25684,6474046581,tyreikh321@outlook.com
Sheyenne,Tansley,True,Admissions Attendant,37281,5483347892,st715@gmail.com
Alisyn,Lingardo,False,Attraction Operator,28601,2891484678,alingardo200@yahoo.com
Georgios,Picker,False,Admissions Attendant,26844,2898175543,ppicker69@gmail.com
Abrahim,Gishal,False,Attraction Operator,27025,5483679814,aabrahim@yahoo.com
Shawnice,Maurey,False,Admissions Attendant,31332,4377275171,maureym487@outlook.com
Cain,Kaper,False,Admissions Attendant,27282,4379904396,caink306@gmail.com
Matti,Kammerer,True,Attraction Operator,31234,2895298710,mkammerer18@gmail.com
Agnes,Clolinger,False,Admissions Attendant,29148,2265904892,ac876@gmail.com
Alonda,Diestler,True,Attraction Operator,27690,5481635284,dd636@gmail.com
Rowland,Mcgurl,True,Attraction Operator,29333,4373291900,rowlandmcgurl92@gmail.com
Evalyn,Vactor,True,Ride Technician,23308,2894699518,evactor504@gmail.com
Shaleena,Scrimpsher,True,Ride Technician,24645,5193479809,ss780@yahoo.com
Lilliane,Compagna,True,Ride Technician,30175,5193748753,lc967@gmail.com
Malaka,Scalet,True,Admissions Attendant,29273,5192531419,malakas357@gmail.com
Arjun,Novellino,True,Attraction Operator,25959,4371461260,arjunnovellino778@gmail.com
Brannon,Grismore,False,Attraction Operator,33200,2262132107,gg6@gmail.com
Tam,Devillier,False,Admissions Attendant,33994,6475373123,tamt997@gmail.com
Krystyn,Messina,False,Attraction Operator,31500,2263574066,messinak422@gmail.com
Luz,Garoner,True,Admissions Attendant,31574,6477361457,garonergaroner931@gmail.com
Josten,Merlette,False,Admissions Attendant,31961,4375725034,jjosten867@iCloud.com
Dward,Luangxay,True,Ride Technician,39595,5196338448,dl759@yahoo.com
Puaolena,Siemers,False,Admissions Attendant,34783,4165165324,puaolenas731@gmail.com
Jarold,Geiser,True,Attraction Operator,26752,2892171175,jaroldg@outlook.com
Anastacia,Rockelman,True,Attraction Operator,34571,5191186645,anastaciar731@gmail.com
Lacreshia,Basilio,False,Attraction Operator,27305,2894415967,basiliobasilio850@iCloud.com
Isac,Kellams,True,Ride Technician,32182,2266524685,ikellams600@gmail.com
Darryn,Harral,True,Attraction Operator,26493,2897291108,darrynh215@iCloud.com
Cindy,Hannasch,False,Admissions Attendant,20712,4169982897,cc584@yahoo.com
Thedore,Magpuri,True,Ride Technician,24842,5481769627,tm937@yahoo.com
Starlene,Delisle,False,Admissions Attendant,35202,6478136532,sdelisle@outlook.com
Obrien,Baillie,False,Attraction Operator,20944,4163792697,obrienb73@gmail.com
Amari,Hoeffer,False,Attraction Operator,20572,2892532206,hoefferamari755@gmail.com
Decarlos,Rowen,True,Admissions Attendant,22087,2261072474,decarlosrowen360@iCloud.com
Niva,Keaveney,False,Attraction Operator,26119,2895201613,nkeaveney509@outlook.com
Tynetta,Bunning,False,Admissions Attendant,24747,4377485395,tynettab526@outlook.com
Jamicheal,Badenoch,True,Ride Technician,27790,5195158470,jamichealb403@gmail.com
Theon,Savary,True,Attraction Operator,31069,2261443290,theontheon133@outlook.com
Lucero,Mousa,True,Attraction Operator,20242,2891012572,mm@yahoo.com
Alaric,Sindoni,False,Admissions Attendant,28418,4169326069,ssindoni495@yahoo.com
Tamari,Aumavae,True,Admissions Attendant,37272,4378056273,aumavaea@gmail.com
Karah,Dicerbo,True,Ride Technician,32125,2263168100,karahd910@gmail.com
Kyndal,Jaure,False,Attraction Operator,32242,6479051697,kyndalj32@gmail.com
Giacomo,Hackl,False,Attraction Operator,36446,2263845289,giacomohackl@gmail.com
Derik,Peerbolt,False,Admissions Attendant,29586,6474434018,peerboltpeerbolt761@gmail.com
Myria,Aquilino,False,Attraction Operator,33693,2264928877,myriaaquilino75@outlook.com
Toshiba,Emigholz,False,Attraction Operator,31996,6476799825,te@gmail.com
Jaja,Batiste,False,Attraction Operator,37363,4162581468,jbatiste261@gmail.com
Lakesia,Morino,False,Attraction Operator,27747,4377338141,lmorino33@iCloud.com
Kaelyn,Waganer,False,Attraction Operator,25590,4163044961,kaelynw338@gmail.com
Rebel,Patsy,True,Ride Technician,26995,2261032384,rebelpatsy@gmail.com
Maite,Korpi,False,Attraction Operator,39931,4377387918,maitek101@yahoo.com
Diedre,Keslar,False,Attraction Operator,39892,6471303480,kk194@gmail.com
Tareva,Thelin,True,Admissions Attendant,24509,2893658716,tarevathelin333@iCloud.com
Aundra,Strome,True,Ride Technician,36460,5193482260,sstrome@gmail.com
Sarita,Vecchia,False,Attraction Operator,27422,4166319799,saritav610@outlook.com
Eytan,Payes,False,Attraction Operator,23416,2891181043,ep339@gmail.com
Tineka,Behen,False,Attraction Operator,22764,5199729124,bb893@iCloud.com
Takyra,Halbur,False,Admissions Attendant,23700,5487716228,ttakyra439@gmail.com
Ellsworth,Nicholl,True,Admissions Attendant,34768,2268677882,ellsworthn@outlook.com
Romney,Wayde,False,Attraction Operator,32774,5488481523,rwayde@gmail.com
Tariq,Heiliger,False,Admissions Attendant,31418,5196653679,tariqheiliger@iCloud.com
Edgar,Mclellan,False,Admissions Attendant,34803,2894177685,mm967@gmail.com
Rhyan,Keany,False,Attraction Operator,29812,4379713037,rhyanrhyan342@yahoo.com
Angelie,Scungio,False,Attraction Operator,24608,2891554478,scungioangelie62@yahoo.com
Rechelle,Kehr,False,Admissions Attendant,22237,2266429449,kehrkehr830@iCloud.com
Denielle,Walner,True,Attraction Operator,20042,4375367896,deniellewalner469@gmail.com
Natia,Ceniceros,False,Admissions Attendant,27082,4166646799,natiaceniceros351@yahoo.com
Aunna,Margis,True,Admissions Attendant,36791,4373705817,margisaunna@gmail.com
Jovany,Pfeil,False,Attraction Operator,37114,6474287449,pjovany594@gmail.com
Jonh,Kordys,True,Ride Technician,37455,4375314304,jonhkordys9@gmail.com
Sederick,Yannantuono,True,Admissions Attendant,28119,6473747152,sedericky277@iCloud.com
Sydni,Dealmeida,False,Admissions Attendant,38679,5194983070,ddealmeida104@gmail.com
Ceaser,Babecki,False,Attraction Operator,33801,6471724447,babeckiceaser544@gmail.com
Porcsha,Jastrebski,False,Admissions Attendant,27768,5483794419,porcshajastrebski932@gmail.com
Terah,Skoog,False,Admissions Attendant,21644,2269584033,ts350@gmail.com
Jadira,Feuerstein,True,Attraction Operator,26195,6474089598,jfeuerstein491@gmail.com
Keola,Brugnoli,True,Ride Technician,37361,4373376269,kkeola282@gmail.com
Rosaria,Boisseau,False,Attraction Operator,39116,2896544574,rb277@gmail.com
Trace,Gordey,False,Attraction Operator,20383,2267626629,gg184@gmail.com
Darryn,Carello,True,Ride Technician,25475,6477872940,dcarello80@outlook.com
Tynell,Cashmer,False,Admissions Attendant,26395,2898215029,tc140@iCloud.com
Ragina,Lamagna,False,Admissions Attendant,31738,4165579258,raginal27@iCloud.com
Rebcca,Holsomback,False,Attraction Operator,33416,5482416078,rebccaholsomback512@outlook.com
Atina,Soule,False,Admissions Attendant,39460,6478197682,as779@gmail.com
Ocie,Goyco,True,Ride Technician,28167,4374306256,goycoocie770@yahoo.com
Sarena,Tait,False,Attraction Operator,26913,5191497871,ttait@gmail.com
Rogers,Mcclane,False,Admissions Attendant,39716,2898885901,rm114@gmail.com
Farzana,Muto,False,Attraction Operator,36529,4374411639,ff732@gmail.com
Leonna,Danna,True,Attraction Operator,25982,6474591509,lleonna19@gmail.com
Lasasha,Menck,False,Admissions Attendant,22322,5193313534,menckl968@gmail.com
Shardey,Kekahuna,False,Admissions Attendant,39074,5191682545,skekahuna898@gmail.com
Sherrilyn,Dimperio,False,Attraction Operator,31704,5199163310,sdimperio@gmail.com
Misael,Gusewelle,False,Admissions Attendant,31468,2896078513,mmisael60@gmail.com
Mikael,Martenez,True,Ride Technician,31257,5194134403,mikaelm525@gmail.com
Neiman,Kazin,True,Attraction Operator,24741,4167043593,neimanneiman935@gmail.com
Velinda,Marmas,True,Ride Technician,33374,5194249110,marmasmarmas404@outlook.com
Tyshaun,Abreu,True,Attraction Operator,37131,5487428216,tyshaunt11@gmail.com
Coral,Stelluti,False,Attraction Operator,37202,2267063444,coralc861@outlook.com
Makesha,Grims,False,Attraction Operator,28189,5197091287,makeshag388@gmail.com
Tarry,Aulds,False,Attraction Operator,21800,2261179342,auldsa122@gmail.com
Moraima,Leitao,True,Attraction Operator,39502,2892579944,mmoraima279@gmail.com
Fabrice,Citro,False,Attraction Operator,29969,5196739099,fabricec477@gmail.com
Damiana,Karamchandani,True,Ride Technician,39716,2897421743,dk426@gmail.com
Holt,Starr,True,Attraction Operator,33281,5486759643,hh834@iCloud.com
Wagner,Briant,False,Attraction Operator,33002,4167057451,wagnerbriant786@iCloud.com
Josedejesus,Noriega,True,Admissions Attendant,21476,5484815828,nn903@gmail.com
Makenna,Herskovits,True,Attraction Operator,25828,4379808710,mmakenna952@gmail.com
Nikitta,Utterback,True,Admissions Attendant,37519,5487693019,nnikitta711@yahoo.com
Zeus,Nicoli,False,Admissions Attendant,37900,4166767372,zeusnicoli14@gmail.com
Frederica,Lachut,True,Attraction Operator,25599,5195017748,flachut201@iCloud.com
Jasper,Tylor,True,Attraction Operator,32171,6472313598,jtylor97@gmail.com
Tieara,Aiu,True,Attraction Operator,26387,5482894097,tiearaa399@gmail.com
Rasheka,Kwasnik,True,Attraction Operator,35143,2263197270,kwasnikrasheka455@gmail.com
Noemi,Livley,True,Ride Technician,29309,4371002123,noemilivley2@gmail.com
Evertt,Cannedy,False,Admissions Attendant,27382,5193417755,cevertt@iCloud.com
Romina,Enwall,False,Admissions Attendant,29172,2268457383,er211@gmail.com
Panagiota,Borjas,False,Admissions Attendant,26023,4164731972,pb@gmail.com
Jarmarcus,Bance,False,Admissions Attendant,35577,5485943857,bj@outlook.com
Gala,Belzung,True,Ride Technician,39501,2268885461,bbelzung@gmail.com
Chanell,Kuchta,False,Admissions Attendant,32859,6472225579,chanellk@gmail.com
Nary,Bolden,True,Ride Technician,36008,4165385691,narybolden@gmail.com
Angella,Senesenes,False,Admissions Attendant,26205,5195226168,asenesenes532@yahoo.com
Idris,Rollinson,False,Attraction Operator,33886,6478803492,iidris590@outlook.com
Laportia,Imbier,False,Attraction Operator,33520,2894457984,li@gmail.com
Sherah,Wojnaroski,False,Attraction Operator,21549,2264059756,wwojnaroski50@outlook.com
Maci,Kozinski,False,Attraction Operator,34533,4168559818,mk588@gmail.com
Porchia,Nakahara,True,Attraction Operator,26019,2265386660,pp934@gmail.com
Ferris,Delpit,False,Admissions Attendant,39755,5196486922,ferrisdelpit808@gmail.com
Samule,Christo,False,Attraction Operator,21178,6474778669,samulec607@gmail.com
Sarha,Hearing,False,Attraction Operator,27477,4378332610,sarhahearing38@gmail.com
Jasamine,Mutherspaw,False,Attraction Operator,31560,5486881961,mutherspawm862@gmail.com
Anja,Igbinosun,True,Attraction Operator,24612,6474124705,ai275@outlook.com
Mikail,Volden,False,Attraction Operator,31643,2895513744,mmikail@yahoo.com
Kendelle,Macartney,True,Ride Technician,22940,4166909124,km867@gmail.com
Devon,Alavi,False,Attraction Operator,34942,5193967602,devona148@iCloud.com
Antwane,Obeid,True,Attraction Operator,28170,6473648096,antwaneobeid@iCloud.com
Jamen,Remondini,True,Ride Technician,35559,5483336610,jr804@gmail.com
Lenisha,Mokler,True,Ride Technician,34821,5192908738,llenisha969@gmail.com
Estefany,Sil,False,Attraction Operator,25880,4168805042,ss289@iCloud.com
Steffen,Birk,False,Admissions Attendant,30389,4373216481,steffenb468@outlook.com
Sona,Shyu,False,Attraction Operator,34356,4168602737,sshyu@yahoo.com
Chaela,Kurgan,True,Attraction Operator,26296,5196767897,kurgankurgan413@gmail.com
Orestes,Escorcia,False,Attraction Operator,37714,4162358877,oe588@gmail.com
Brianne,Drawdy,True,Attraction Operator,34217,5481745657,drawdyb619@gmail.com
Janetta,Sharper,True,Attraction Operator,31652,4377577620,jsharper480@yahoo.com
Luisana,Dunlap,False,Attraction Operator,23045,5483599765,dd45@gmail.com
Starnisha,Doubleday,False,Attraction Operator,21377,6475815760,starnishad107@gmail.com
Turquoise,Dolbeare,False,Admissions Attendant,23217,5195528132,dolbearedolbeare58@gmail.com
Taiesha,Geagan,True,Admissions Attendant,23081,4378519718,tgeagan114@gmail.com
Alfredia,Chasson,False,Admissions Attendant,39809,5199051280,cchasson256@yahoo.com
Mimi,Keiter,True,Attraction Operator,33529,4163733026,mkeiter182@gmail.com
Johnette,Schoville,False,Attraction Operator,26273,2266524569,johnettes@gmail.com
Meeghan,Figurski,False,Admissions Attendant,23258,4166118370,figurskif365@gmail.com
Ruel,Lanzo,True,Attraction Operator,23017,4167862226,rlanzo955@gmail.com
Paulino,Pavon,True,Attraction Operator,31184,5481936612,pp@gmail.com
Alven,Asselmeier,True,Attraction Operator,31520,6474188746,aasselmeier125@gmail.com
Makenna,Courtright,True,Ride Technician,31787,5198922299,makennacourtright812@gmail.com
Deidrea,Brillhart,True,Attraction Operator,32796,5195609100,dbrillhart449@iCloud.com
Aiysha,Bondura,True,Attraction Operator,31789,5487945460,aiyshabondura974@gmail.com
Anneke,Mccutcheon,False,Admissions Attendant,34740,2268209777,mccutcheonmccutcheon178@gmail.com
Johnphillip,Nobriga,False,Admissions Attendant,32215,5483683542,johnphillipjohnphillip289@gmail.com
Odyssey,Ozols,False,Attraction Operator,21814,2265565426,odysseyodyssey@gmail.com
Wylie,Grudzien,True,Ride Technician,22942,2264741104,grudziengrudzien428@outlook.com
Kymberli,Rajala,False,Admissions Attendant,35007,4165988687,rajalarajala173@gmail.com
Faith,Huerto,False,Attraction Operator,21689,5484077570,fh@gmail.com
Davy,Heeth,False,Admissions Attendant,24314,2892066107,davyh864@gmail.com
Colan,Hufnagel,True,Attraction Operator,25213,2261267270,colanhufnagel314@yahoo.com
Katerina,Linburg,True,Attraction Operator,32459,4169177046,klinburg839@iCloud.com
Cecily,Farraj,False,Admissions Attendant,28758,2261973550,ff@yahoo.com
Caprisha,Vanderark,True,Admissions Attendant,32424,2896827535,vanderarkvanderark477@iCloud.com
Jaisa,Mikrut,True,Attraction Operator,24916,2891542079,jaisam308@yahoo.com
Emillie,Didier,True,Attraction Operator,27901,2268321271,emilliee433@yahoo.com
Erineo,Hoetger,False,Admissions Attendant,28405,4379326869,eerineo69@gmail.com
Arline,Amalong,True,Ride Technician,25005,2261778799,arlinea181@iCloud.com
Brynn,Piceno,False,Admissions Attendant,36829,4165739951,brynnpiceno720@outlook.com
Quintell,Srsic,False,Attraction Operator,25181,4372393970,qq514@gmail.com
Sampson,Esquivias,False,Admissions Attendant,29359,4378121318,sesquivias72@gmail.com
Haskell,Ijams,True,Attraction Operator,23047,4375862253,haskellijams504@yahoo.com
Depaul,Colen,True,Ride Technician,30591,4165535264,depaulcolen402@yahoo.com
Tryone,Grage,False,Attraction Operator,32941,4161954457,tryonegrage@iCloud.com
Bryen,Meter,False,Attraction Operator,21152,4377558672,bryenb395@iCloud.com
Freida,Valenciana,False,Attraction Operator,35819,6477215179,freidafreida766@outlook.com
Carols,Wolff,True,Attraction Operator,34652,5485454676,cwolff984@iCloud.com
Bryton,Larusso,False,Admissions Attendant,20699,2899577862,bb925@gmail.com
Keyana,Saloum,False,Admissions Attendant,31910,6472951297,ssaloum239@gmail.com
Adham,Kahoohalphala,False,Attraction Operator,38533,4374372006,akahoohalphala684@gmail.com
Arelis,Guetierrez,False,Admissions Attendant,31576,5194094750,guetierrezguetierrez12@gmail.com
Jurell,Costanzo,True,Attraction Operator,23063,2263186772,jc416@gmail.com
Effie,Waits,True,Ride Technician,30782,2262626698,waitsw17@outlook.com
Julius,Grussing,True,Ride Technician,22486,2263168528,jg145@outlook.com
Jardin,Faulker,False,Admissions Attendant,35100,5489632295,faulkerjardin612@gmail.com
Gene,Terrel,False,Attraction Operator,37757,4165058651,gterrel832@gmail.com
Carianne,Viana,False,Attraction Operator,29865,6477744403,cariannev774@gmail.com
Noelia,Newcomb,True,Ride Technician,31973,2266885154,newcombn622@gmail.com
Laytona,Filgo,False,Admissions Attendant,22011,2898089809,ffilgo448@gmail.com
Karmen,Cronkite,False,Attraction Operator,21285,4374751160,cronkitec849@gmail.com
Antonia,Gudiel,False,Attraction Operator,32124,4167743800,ag119@yahoo.com
Cristo,Swieca,True,Ride Technician,21999,6477959811,cswieca150@yahoo.com
Duc,Kurtti,False,Admissions Attendant,28682,2266228835,kurttid65@gmail.com
Suad,Cerio,True,Ride Technician,25947,5484724557,ccerio356@gmail.com
Giovana,Bertran,True,Ride Technician,33460,5481273791,gb315@gmail.com
Lilliana,Shaw,True,Admissions Attendant,30507,6475596147,lshaw296@iCloud.com
Karin,Pullman,True,Attraction Operator,33421,5489239622,kpullman344@gmail.com
Kandy,Hayes,True,Attraction Operator,26206,2893241702,khayes862@gmail.com
Jilian,Uliano,False,Attraction Operator,29587,5481587584,uj3@gmail.com
Mirian,Shorr,False,Attraction Operator,33216,5483407963,shorrmirian593@gmail.com
Britney,Gonzalos,True,Attraction Operator,36366,2267643067,bgonzalos161@gmail.com
Brooks,Mauter,True,Attraction Operator,33114,5487337581,brooksbrooks250@gmail.com
Daina,Macquarrie,False,Admissions Attendant,38660,4379853042,ddaina513@outlook.com
Lashaunta,Sleeter,False,Attraction Operator,31001,5196069039,sleeterlashaunta6@gmail.com
Crystin,Milius,False,Admissions Attendant,31459,2896085070,crystinmilius762@gmail.com
Cayla,Hadad,True,Attraction Operator,27970,6471032648,hhadad203@gmail.com
Rockell,Rohn,True,Admissions Attendant,31560,4377657277,rockellr193@outlook.com
Marshelle,Burri,False,Attraction Operator,27637,2268134357,bmarshelle266@yahoo.com
Gennaro,Rhinebolt,False,Admissions Attendant,31755,2267965520,gr125@gmail.com
Camden,Bagnall,False,Attraction Operator,28323,4379208492,camdenbagnall701@gmail.com
Marquell,Vosberg,False,Admissions Attendant,22458,5488953159,mm758@gmail.com
Reko,Boring,True,Attraction Operator,24637,2893422358,rekoboring742@gmail.com
Diandre,Femia,False,Admissions Attendant,36033,5483875236,df465@gmail.com
Evita,Skokan,False,Admissions Attendant,34132,2266143904,es146@yahoo.com
Irish,Tilt,True,Ride Technician,28553,4377884218,irisht60@gmail.com
Anessa,Fellin,False,Admissions Attendant,32488,5481426806,af@gmail.com
Lam,Zajac,False,Admissions Attendant,31323,5483487868,lzajac692@yahoo.com
Laqueta,Rosasco,True,Attraction Operator,20315,4165096016,lr@gmail.com
Shrita,Dipirro,True,Attraction Operator,39650,5481609258,sshrita336@gmail.com
Bentzion,Kiekbusch,False,Attraction Operator,34388,2891825283,bkiekbusch@yahoo.com
Shareece,Landes,True,Attraction Operator,33071,5198197627,lshareece343@gmail.com
Sumner,Zar,True,Admissions Attendant,25645,2267185661,ssumner676@gmail.com
Kristee,Amacker,True,Attraction Operator,38816,2265455211,ka748@gmail.com
Rosena,Sleighter,False,Attraction Operator,25561,2262873067,rrosena903@gmail.com
Ha,Echave,False,Attraction Operator,38626,2898774149,hechave@gmail.com
Taft,Ostrov,False,Admissions Attendant,31372,6478703301,tostrov407@outlook.com
Kelsea,Rusher,True,Attraction Operator,34642,4161746551,kr@gmail.com
Starla,Mutner,False,Attraction Operator,39206,5484096234,starlam86@gmail.com
Nikeisha,Mcgrogan,False,Admissions Attendant,28304,6473349532,nn474@gmail.com
Josephine,Hynson,True,Attraction Operator,21081,5482394749,hhynson791@gmail.com
Hobie,Aquilino,False,Admissions Attendant,31135,4371667848,ah263@iCloud.com
Nakecia,Vanzante,True,Attraction Operator,23572,5196199138,nakeciav581@iCloud.com
Victorino,Kanz,False,Admissions Attendant,36204,2268164856,vk606@gmail.com
Jazzmen,Devitis,True,Attraction Operator,33448,6471712536,devitisd967@gmail.com
Theodis,Snetting,True,Attraction Operator,38474,4378659636,snettingt263@gmail.com
Bryant,Anagnos,True,Ride Technician,21956,5487692004,ba@gmail.com
Janecia,Tillotson,False,Admissions Attendant,24372,4379307089,jt919@gmail.com
Garnett,Wiedmaier,True,Attraction Operator,22143,4162452916,ww306@gmail.com
Timi,Alder,True,Ride Technician,23083,2264566717,talder844@gmail.com
Cortland,Geldmacher,False,Admissions Attendant,28051,5488642770,cortlandgeldmacher51@iCloud.com
Meghanne,Swafford,False,Admissions Attendant,27904,5489414817,meghanneswafford931@gmail.com
Keno,Idell,True,Attraction Operator,37957,4374552109,kenoidell264@gmail.com
Tieisha,Zank,True,Admissions Attendant,39821,2894952852,zankzank@gmail.com
Alanda,Kruschke,True,Attraction Operator,36033,5195839168,alandaalanda847@yahoo.com
Kelby,Pelletiu,True,Ride Technician,20869,2891399247,kpelletiu19@outlook.com
Eoin,Pour,False,Attraction Operator,30804,5482224372,ee945@gmail.com
Arnesha,Prigg,True,Admissions Attendant,22618,5489223807,arneshaa729@yahoo.com
Sameul,Vollette,True,Admissions Attendant,31666,4374128012,sameulvollette@outlook.com
Britnee,Baquero,False,Admissions Attendant,22235,5195652098,baquerob@iCloud.com
Lashell,Codding,True,Ride Technician,23719,5194115105,lashellcodding146@gmail.com
Terrilynn,Dy,True,Ride Technician,23367,2897945457,tdy69@gmail.com
Takeela,Branam,True,Attraction Operator,34051,2895196005,tbranam297@gmail.com
Britnie,Yeargin,True,Attraction Operator,29055,4163831183,britniey230@outlook.com
